date,time,title,type,webcast,link
2026-06-09,10:30 AM-11:05 AM ET,American Express Company at Morgan Stanley US Financials Conference,Conference,https://cc.webcasts.com/morg007/060926a_js/?entity=29_WH2TDDY,/events/event-details/2026/American-Express-Company-at-Morgan-Stanley-US-Financials-Conference-2026-3BZTPkExK1/default.aspx
2026-05-28,10:00 AM-10:50 AM ET,American Express Company at Bernstein 42nd Annual Strategic Decisions Conference,Conference,https://event.summitcast.com/view/LCrkJqkW2kWbeKaWQnzTns/Eo77KenP4ou4dt5v4edkR8,/events/event-details/2026/American-Express-Company-at-Bernstein-42nd-Annual-Strategic-Decisions-Conference-2026--N8ExdCa5X/default.aspx
2026-05-05,9:00 AM-10:00 AM ET,2026 American Express Company Annual Meeting of Shareholders,Annual Meeting,http://www.virtualshareholdermeeting.com/AXP2026,/events/event-details/2026/2026-American-Express-Company-Annual-Meeting-of-Shareholders-2026-pIuSR63IUC/default.aspx
2026-04-23,8:30 AM-9:30 AM ET,Q1 2026 American Express Earnings Conference Call,Earnings,https://events.q4inc.com/attendee/197664405,/events/event-details/2026/Q1-2026-American-Express-Earnings-Conference-Call/default.aspx
2026-02-10,1:00 PM ET,American Express Company at UBS Financial Services Conference,Conference,https://cc.webcasts.com/ubsx001/020926a_js/?entity=29_T8G6RBB,/events/event-details/2026/American-Express-Company-at-UBS-Financial-Services-Conference-2026-86_N-kmmaj/default.aspx
2026-01-30,8:30 AM-9:30 AM ET,Q4 2025 American Express Earnings Conference Call,Earnings,https://events.q4inc.com/attendee/590993749,/events/event-details/2026/Q4-2025-American-Express-Earnings-Conference-Call/default.aspx
2025-12-10,9:20 AM-10:20 AM ET,American Express Company at Goldman Sachs Financial Services Conference,Conference,https://cc.webcasts.com/gold006/120925a_js/?entity=45_XHLJCNL,/events/event-details/2025/American-Express-Company-at-Goldman-Sachs-Financial-Services-Conference-2025-0lAkxggQ8a/default.aspx
2025-11-12,9:25 AM-10:05 AM ET,American Express Company at KBW Fintech Payments Conference,Conference,,/events/event-details/2025/American-Express-Company-at-KBW-Fintech-Payments-Conference-2025-tKlXv7fMY0/default.aspx
2025-10-17,8:30 AM-9:30 AM ET,Q3 2025 American Express Earnings Conference Call,Earnings,https://events.q4inc.com/attendee/394788761,/events/event-details/2025/Q3-2025-American-Express-Earnings-Conference-Call/default.aspx
2025-09-09,9:00 AM-10:00 AM ET,American Express Company at Barclays Global Financial Services Conference,Conference,https://cc.webcasts.com/barc002/090825a_js/?entity=20_KYJCHOO,/events/event-details/2025/American-Express-Company-at-Barclays-Global-Financial-Services-Conference/default.aspx
2025-07-18,8:30 AM-10:00 AM ET,Q2 2025 American Express Earnings Conference Call,Earnings,https://events.q4inc.com/attendee/410805115,/events/event-details/2025/Q2-2025-American-Express-Earnings-Conference-Call/default.aspx
2025-06-11,9:45 AM-10:45 AM ET,American Express Company at Morgan Stanley US Financials Conference,Conference,,/events/event-details/2025/Morgan-Stanley-US-Financials-Conference/default.aspx
2025-05-29,2:30 PM-3:30 PM ET,American Express Company at Bernstein 41st Annual Strategic Decisions Conference,Conference,,/events/event-details/2025/Bernstein-41stAnnual-Strategic-Decisions-Conference/default.aspx
2025-04-29,9:00 AM-10:00 AM ET,2025 American Express Company Annual Meeting of Shareholders,Annual Meeting,https://central.virtualshareholdermeeting.com/vsm/web?pvskey=AXP2025,/events/event-details/2025/2025-American-Express-Company-Annual-Meeting-of-Shareholders/default.aspx
2025-04-17,8:30 AM-9:30 AM ET,Q1 2025 American Express Earnings Conference Call,Earnings,https://events.q4inc.com/attendee/729612248,/events/event-details/2025/Q1-2025-American-Express-Earnings-Conference-Call/default.aspx
2025-02-10,10:30 AM-11:30 AM ET,American Express Company at UBS Financial Services Conference,Conference,,/events/event-details/2025/American-Express-Company-at-UBS-Financial-Services-Conference/default.aspx
2025-01-24,8:30 AM-9:30 AM ET,Q4 2024 American Express Earnings Conference Call,Earnings,https://events.q4inc.com/attendee/437818555,/events/event-details/2025/Q4-2024-American-Express-Earnings-Conference-Call/default.aspx
2024-12-10,9:20 AM-10:20 AM ET,American Express Company at Goldman Sachs US Financial Services Conference,Conference,,/events/event-details/2024/American-Express-Company-at-Goldman-Sachs-US-Financial-Services-Conference/default.aspx
2024-10-18,8:30 AM-9:30 AM ET,Q3 2024 American Express Earnings Conference Call,Earnings,https://events.q4inc.com/attendee/887276305,/events/event-details/2024/Q3-2024-American-Express-Earnings-Conference-Call/default.aspx
2024-09-11,9:00 AM-10:00 AM ET,American Express Company at Barclays Global Financial Services Conference,Conference,,/events/event-details/2024/American-Express-Company-at-Barclays-Global-Financial-Services-Conference/default.aspx
2024-09-04,11:50 AM-12:50 PM ET,American Express Company at 25th Annual Scotiabank Financials Summit,Other,https://onlinexperiences.com/Launch/Event/ShowKey=260858,/events/event-details/2024/American-Express-Company-at-25th-Annual-Scotiabank-Financials-Summit/default.aspx
2024-07-19,8:30 AM-9:30 AM ET,Q2 2024 American Express Earnings Conference Call,Earnings,https://events.q4inc.com/attendee/669540494,/events/event-details/2024/Q2-2024-American-Express-Earnings-Conference-Call/default.aspx
2024-06-12,8:45 AM-9:45 AM ET,"American Express Company at Morgan Stanley US Financials, Payments & CRE Conference",Conference,,/events/event-details/2024/American-Express-Company-at-Morgan-Stanley-US-Financials-Payments--CRE-Conference/default.aspx
2024-05-30,2:30 PM-3:30 PM ET,American Express Company at Bernstein 40th Annual Strategic Decisions Conference,Conference,,/events/event-details/2024/American-Express-Company-at-Bernstein-40th-Annual-Strategic-Decisions-Conference/default.aspx
2024-05-06,9:00 AM-10:00 AM ET,2024 American Express Company Annual Meeting of Shareholders,Annual Meeting,https://www.virtualshareholdermeeting.com/vsm/web?pvskey=AXP2024,/events/event-details/2024/2024-American-Express-Company-Annual-Meeting-of-Shareholders/default.aspx
2024-04-30,9:00 AM-12:30 PM ET,American Express Company Investor Day,Investor Day,https://app.webinar.net/nGRNJDpJ82p,/events/event-details/2024/American-Express-Company-Investor-Day/default.aspx
2024-04-19,8:30 AM-9:30 AM ET,Q1 2024 American Express Earnings Conference Call,Earnings,https://events.q4inc.com/attendee/762151458,/events/event-details/2024/Q1-2024-American-Express-Earnings-Conference-Call/default.aspx
2024-02-27,9:30 AM-10:30 AM ET,American Express Company at KBW Fintech Payments Conference,Conference,,/events/event-details/2024/American-Express-Company-at-KBW-Fintech-Payments-Conference/default.aspx
2024-02-26,11:20 AM-12:20 PM ET,American Express Company at UBS Financial Services Conference,Conference,,/events/event-details/2024/American-Express-Company-at-UBS-Financial-Services-Conference/default.aspx
2024-01-26,8:30 AM-9:30 AM ET,Q4 2023 American Express Earnings Conference Call,Earnings,https://events.q4inc.com/attendee/674721141,/events/event-details/2024/Q4-2023-American-Express-Earnings-Conference-Call/default.aspx
2023-12-05,11:20 AM-12:20 PM ET,American Express Company at Goldman Sachs US Financial Services Conference,Conference,,/events/event-details/2023/American-Express-Company-at-Goldman-Sachs-US-Financial-Services-Conference/default.aspx
2023-10-20,8:30 AM-9:30 AM ET,Q3 2023 American Express Earnings Conference Call,Earnings,https://events.q4inc.com/attendee/939847215,/events/event-details/2023/Q3-2023-American-Express-Earnings-Conference-Call/default.aspx
2023-09-13,11:15 AM-12:15 PM ET,American Express Company at Barclays Global Financial Services Conference,Conference,,/events/event-details/2023/American-Express-Company-at-Barclays-Global-Financial-Services-Conference/default.aspx
2023-07-21,8:30 AM-9:30 AM ET,Q2 2023 American Express Earnings Conference Call,Earnings,,/events/event-details/2023/Q2-2023-American-Express-Earnings-Conference-Call-/default.aspx
2023-06-01,11:00 AM-12:00 PM ET,American Express Company at Bernstein 39th Annual Strategic Decisions Conference,Conference,,/events/event-details/2023/American-Express-Company-at-Bernstein-39th-Annual-Strategic-Decisions-Conference/default.aspx
2023-05-17,2:00 PM-3:00 PM ET,"American Express Company at MoffettNathanson Technology, Media, and Telecom Conference",Conference,,/events/event-details/2023/American-Express-Company-at-MoffettNathanson-Technology-Media-and-Telecom-Conference/default.aspx
2023-05-02,9:00 AM-10:00 AM ET,2023 American Express Company Annual Meeting of Shareholders,Annual Meeting,https://events.q4inc.com/attendee/224771641,/events/event-details/2023/2023-American-Express-Company-Annual-Meeting-of-Shareholders/default.aspx
2023-04-20,8:30 AM-9:30 AM ET,Q1 2023 American Express Earnings Conference Call,Earnings,,/events/event-details/2023/1-2023-American-Express-Earnings-Conference-Call/default.aspx
2023-02-28,10:15 AM-11:15 AM ET,American Express Company at KBW Fintech Payments Conference,Conference,,/events/event-details/2023/American-Express-Company-at-KBW-Fintech-Payments-Conference/default.aspx
2023-02-15,9:40 AM-10:40 AM ET,American Express Company at Bank of America Financial Services Conference,Conference,,/events/event-details/2023/American-Express-Company-at-Bank-of-America-Financial-Services-Conference/default.aspx
2023-01-27,8:30 AM-9:30 AM ET,Q4 2022 American Express Earnings Conference Call,Earnings,,/events/event-details/2023/Q4-2022-American-Express-Earnings-Conference-Call/default.aspx
2022-12-06,10:40 AM-11:40 AM ET,American Express Company at Goldman Sachs U.S. Financial Services Conference,Conference,,/events/event-details/2022/American-Express-Company-at-Goldman-Sachs-US-Financial-Services-Conference/default.aspx
2022-10-21,8:30 AM-9:30 AM ET,Q3 2022 American Express Earnings Conference Call,Earnings,,/events/event-details/2022/Q3-2022-American-Express-Earnings-Conference-Call/default.aspx
2022-09-12,2:00 PM-3:00 PM ET,American Express Company at Barclays Global Financial Services Conference,Conference,,/events/event-details/2022/American-Express-Company-at-Barclays-Global-Financial-Services-Conference/default.aspx
2022-07-22,8:30 AM-9:30 AM ET,Q2 2022 American Express Earnings Conference Call,Earnings,,/events/event-details/2022/Q2-2022-American-Express-Earnings-Conference-Call/default.aspx
2022-06-15,11:00 AM-12:00 PM ET,"American Express Company at Morgan Stanley US Financials, Payments & CRE Conference",Conference,,/events/event-details/2022/American-Express-Company-at-Morgan-Stanley-US-Financials-Payments--CRE-Conference/default.aspx
2022-06-02,9:00 AM-10:00 AM ET,American Express Company at Bernstein 38th Annual Strategic Decisions Conference,Conference,,/events/event-details/2022/American-Express-Company-at-Bernstein-38th-Annual-Strategic-Decisions-Conference/default.aspx
2022-05-11,11:00 AM-12:00 PM ET,"American Express Company at MoffettNathanson Payments, Processors, and IT Services Summit",Other,,/events/event-details/2022/American-Express-Company-at-MoffettNathanson-Payments-Processors-and-IT-Services-Summit/default.aspx
2022-05-03,9:00 AM-10:00 AM ET,2022 American Express Company Annual Meeting of Shareholders,Annual Meeting,https://events.q4inc.com/attendee/927290844,/events/event-details/2022/2022-American-Express-Company-Annual-Meeting-of-Shareholders/default.aspx
2022-04-22,8:30 AM-9:30 AM ET,Q1 2022 American Express Earnings Conference Call,Earnings,,/events/event-details/2022/Q1-2022-American-Express-Earnings-Conference-Call/default.aspx
2022-03-16,1:00 PM-4:30 PM ET,American Express Company Investor Day,Investor Day,,/events/event-details/2022/American-Express-Company-Investor-Day/default.aspx
2022-03-03,8:45 AM-9:45 AM ET,KBW Fintech Payments Conference,Conference,,/events/event-details/2022/KBW-Fintech-Payments-Conference/default.aspx
2022-01-25,8:30 AM-9:30 AM ET,Q4 2021 American Express Earnings Conference Call,Earnings,,/events/event-details/2022/Q4-2021-American-Express-Earnings-Conference-Call/default.aspx
2021-12-16,11:40 AM-12:40 PM ET,Delta Air Lines Capital Markets Day 2021,Other,,/events/event-details/2021/Delta-Air-Lines-Capital-Markets-Day-2021/default.aspx
2021-12-07,9:20 AM-10:20 AM ET,Goldman Sachs 2021 US Financial Services Conference,Conference,,/events/event-details/2021/Goldman-Sachs-2021-US-Financial-Services-Conference/default.aspx
2021-11-10,9:40 AM-10:40 AM ET,Bank of America 2021 Banking and Financials Conference,Conference,,/events/event-details/2021/Bank-of-America-2021-Banking-and-Financials-Conference/default.aspx
2021-10-22,8:30 AM-9:30 AM ET,Q3 2021 American Express Earnings Conference Call,Earnings,,/events/event-details/2021/Q3-2021-American-Express-Earnings-Conference-Call/default.aspx
2021-09-17,10:15 AM-11:15 AM ET,Autonomous Future of Commerce Virtual Symposium,Other,,/events/event-details/2021/-American-Express-Company---Investor-Relations/default.aspx
2021-09-14,8:15 AM-9:15 AM ET,Barclays Global Financial Services Conference,Conference,,/events/event-details/2021/Barclays-Global-Financial-Services-Conference/default.aspx
2021-07-23,8:30 AM-9:30 AM ET,Q2 2021 American Express Earnings Conference Call,Earnings,,/events/event-details/2021/Q2-2021-American-Express-Earnings-Conference-Call/default.aspx
2021-06-16,1:15 PM-2:15 PM ET,"Morgan Stanley US Financials, Payments & CRE Conference",Conference,,/events/event-details/2021/Morgan-Stanley-US-Financials-Payments--CRE-Conference/default.aspx
2021-06-04,9:00 AM-10:00 AM ET,American Express Company at Alliance Bernstein 37th Annual Strategic Decisions Conference,Conference,,/events/event-details/2021/Alliance-Bernstein-37th-Annual-Strategic-Decisions-Conference/default.aspx
2021-05-11,2:00 PM-3:00 PM ET,"American Express Company at MoffettNathanson Payments, Processors, and IT Services Summit",Other,,/events/event-details/2021/American-Express-Company-at-MoffettNathanson-Payments-Processors-and-IT-Services-Summit/default.aspx
2021-05-04,9:00 AM-10:00 AM ET,2021 American Express Company Shareholders Meeting,Other,,/events/event-details/2021/2021-American-Express-Company-Shareholders-Meeting/default.aspx
2021-04-23,8:30 AM-9:30 AM ET,Q1 2021 American Express Earnings Conference Call,Earnings,,/events/event-details/2021/Q1-2021-American-Express-Earnings-Conference-Call/default.aspx
2021-03-09,12:15 PM-1:15 PM ET,American Express Company at Citi Virtual Global Property CEO Conference,Conference,,/events/event-details/2021/American-Express-Company-at-Citi-Virtual-Global-Property-CEO-Conference/default.aspx
2021-02-23,8:50 AM-9:50 AM ET,American Express Company at KBW Fintech Payments Conference,Conference,,/events/event-details/2021/American-Express-Chief-Financial-Officer-to-Participate-in-KBW-Fintech-Payments-Conference/default.aspx
2021-01-26,8:30 AM-9:30 AM ET,Q4 2020 American Express Earnings Conference Call,Earnings,,/events/event-details/2021/Q4-2020-American-Express-Earnings-Conference-Call/default.aspx
2020-12-08,9:20 AM-10:20 AM ET,American Express Company at Goldman Sachs U.S. Financial Services Conference,Conference,,/events/event-details/2020/American-Express-Company-at-Goldman-Sachs-US-Financial-Services-Conference/default.aspx
2020-11-10,1:40 PM-2:40 PM ET,American Express Company at the Bank of America Future of Financials Conference,Conference,,/events/event-details/2020/American-Express-Company-at-the-Bank-of-America-Future-of-Financials-Conference/default.aspx
2020-10-23,8:30 AM ET,Q3 2020 American Express Earnings Conference Call,Earnings,,/events/event-details/2020/Q3-2020-American-Express-Earnings-Conference-Call/default.aspx
2020-09-17,8:30 AM ET,American Express Company at Autonomous Research Future of Commerce Symposium,Other,,/events/event-details/2020/American-Express-Company-at-Autonomous-Research-Future-of-Commerce-Symposium/default.aspx
2020-09-16,8:15 AM-9:15 AM ET,American Express Company at Barclays Global Financial Services Conference,Conference,,/events/event-details/2020/American-Express-Company-at-Barclays-Global-Financial-Services-Conference/default.aspx
2020-07-24,8:30 AM ET,Q2 2020 American Express Earnings Conference Call,Earnings,,/events/event-details/2020/Q2-2020-American-Express-Earnings-Conference-Call/default.aspx
2020-06-03,9:00 AM ET,"American Express Company at MoffettNathanson Payments, Processors, and IT Services Summit",Other,,/events/event-details/2020/American-Express-Company-at-MoffettNathanson-Payments-Processors-and-IT-Services-Summit/default.aspx
2020-05-28,8:00 AM ET,American Express Company at Bernstein Strategic Decisions Conference,Conference,,/events/event-details/2020/American-Express-Company-at-Bernstein-Strategic-Decisions-Conference/default.aspx
2020-05-05,9:00 AM ET,2020 American Express Company Shareholders Meeting,Other,,/events/event-details/2020/2020-American-Express-Company-Shareholders-Meeting/default.aspx
2020-04-24,8:30 AM ET,Q1 2020 American Express Earnings Conference Call,Earnings,,/events/event-details/2020/Q1-2020-American-Express-Earnings-Conference-Call/default.aspx
2020-03-17,8:00 AM ET,American Express Company Investor Update,Other,,/events/event-details/2020/American-Express-Company-Investor-Update/default.aspx
2020-03-04,9:30 AM ET,American Express Company at KBW Fintech Payments Conference,Conference,,/events/event-details/2020/American-Express-Company-at-KBW-Fintech-Payments-Conference/default.aspx
2020-01-24,8:30 AM ET,Q4 2019 American Express Earnings Conference Call,Earnings,,/events/event-details/2020/Q4-2019-American-Express-Earnings-Conference-Call/default.aspx
2019-12-10,11:10 AM ET,American Express Company at Goldman Sachs U.S. Financial Services Conference,Conference,,/events/event-details/2019/American-Express-Company-at-Goldman-Sachs-US-Financial-Services-Conference/default.aspx
2019-11-05,11:20 AM ET,American Express Company at the Bank of America Future of Financials Conference,Conference,,/events/event-details/2019/American-Express-Company-at-the-Bank-of-America-Future-of-Financials-Conference/default.aspx
2019-10-18,8:30 AM ET,Q3 2019 American Express Earnings Conference Call,Earnings,,/events/event-details/2019/Q3-2019-American-Express-Earnings-Conference-Call/default.aspx
2019-09-19,9:50 AM ET,American Express Company at Autonomous Research Future of Commerce Symposium,Other,,/events/event-details/2019/American-Express-Company-at-Autonomous-Research-Future-of-Commerce-Symposium/default.aspx
2019-09-10,9:00 AM ET,American Express Company at Barclays Global Financial Services Conference,Conference,,/events/event-details/2019/American-Express-Company-at-Barclays-Global-Financial-Services-Conference/default.aspx
2019-07-19,8:30 AM ET,Q2 2019 American Express Earnings Conference Call,Earnings,,/events/event-details/2019/Q2-2019-American-Express-Earnings-Conference-Call/default.aspx
2019-05-29,9:00 AM ET,"American Express Company at MoffettNathanson's Inaugural Payments, Processors, and IT Services Summit",Other,,/events/event-details/2019/American-Express-Company-at-MoffettNathansons-Inaugural-Payments-Processors-and-IT-Services-Summit/default.aspx
2019-05-07,9:00 AM ET,2019 American Express Company Shareholders Meeting,Other,,/events/event-details/2019/2019-American-Express-Company-Shareholders-Meeting/default.aspx
2019-04-18,8:30 AM ET,Q1 2019 American Express Earnings Conference Call,Earnings,,/events/event-details/2019/Q1-2019-American-Express-Earnings-Conference-Call/default.aspx
2019-03-13,9:00 AM-12:30 PM ET,American Express Company Investor Day,Investor Day,,/events/event-details/2019/American-Express-Company-Investor-Day/default.aspx
2019-02-28,11:00 AM ET,"American Express Company at KBW Cards, Payments & Financial Technology Symposium",Other,,/events/event-details/2019/American-Express-Company-at-KBW-Cards-Payments--Financial-Technology-Symposium/default.aspx
2019-01-17,5:00 PM ET,Q4 2018 American Express Earnings Conference Call,Earnings,,/events/event-details/2019/Q4-2018-American-Express-Earnings-Conference-Call/default.aspx
2018-12-05,9:20 AM ET,American Express Company at Goldman Sachs U.S. Financial Services Conference,Conference,,/events/event-details/2018/American-Express-Company-at-Goldman-Sachs-US-Financial-Services-Conference/default.aspx
2018-11-06,11:40 AM ET,American Express Company at the Bank of America Future of Financials Conference,Conference,,/events/event-details/2018/American-Express-Company-at-the-Bank-of-America-Future-of-Financials-Conference/default.aspx
2018-10-18,5:00 PM-6:00 PM ET,Q3 2018 American Express Earnings Conference Call,Earnings,,/events/event-details/2018/Q3-2018-American-Express-Earnings-Conference-Call/default.aspx
2018-09-20,2:05 PM ET,American Express Company at Autonomous Research Future of Commerce Symposium,Other,,/events/event-details/2018/American-Express-Company-at-Autonomous-Research-Future-of-Commerce-Symposium/default.aspx
2018-09-12,12:00 PM ET,American Express Company at Barclays Global Financial Services Conference,Conference,,/events/event-details/2018/American-Express-Company-at-Barclays-Global-Financial-Services-Conference/default.aspx
2018-07-18,5:00 PM-6:00 PM ET,Q2 2018 American Express Earnings Conference Call,Earnings,,/events/event-details/2018/Q2-2018-American-Express-Earnings-Conference-Call/default.aspx
2018-05-31,11:00 AM ET,American Express Company at Bernstein Strategic Decisions Conference,Conference,,/events/event-details/2018/American-Express-Company-at-Bernstein-Strategic-Decisions-Conference/default.aspx
2018-05-07,9:00 AM ET,American Express Company 2018 Annual Shareholders Meeting,Other,,/events/event-details/2018/American-Express-Company-2018-Annual-Shareholders-Meeting/default.aspx
2018-04-18,5:00 PM-6:00 PM ET,Q1 2018 American Express Earnings Conference Call,Earnings,,/events/event-details/2018/Q1-2018-American-Express-Earnings-Conference-Call/default.aspx
2018-03-07,1:30 PM-5:30 PM ET,American Express Company Investor Day,Investor Day,,/events/event-details/2018/American-Express-Company-Investor-Day/default.aspx
2018-03-01,2:35 PM-3:35 PM ET,"American Express Company at KBW Cards, Payments & Financial Technology Symposium",Other,,/events/event-details/2018/American-Express-Company-at-KBW-Cards-Payments--Financial-Technology-Symposium/default.aspx
2018-01-18,5:00 PM-6:00 PM ET,Q4 2017 American Express Earnings Conference Call,Earnings,,/events/event-details/2018/Q4-2017-American-Express-Earnings-Conference-Call/default.aspx
2017-12-05,11:10 AM ET,American Express Company at Goldman Sachs U.S. Financial Services Conference,Conference,,/events/event-details/2017/American-Express-Company-at-Goldman-Sachs-US-Financial-Services-Conference/default.aspx
2017-10-18,5:00 PM-6:00 PM ET,Q3 2017 American Express Earnings Conference Call,Earnings,,/events/event-details/2017/Q3-2017-American-Express-Earnings-Conference-Call/default.aspx
2017-09-12,3:30 PM ET,American Express Company at Barclays Global Financial Services Conference,Conference,,/events/event-details/2017/American-Express-Company-at-Barclays-Global-Financial-Services-Conference/default.aspx
2017-07-19,5:00 PM-6:00 PM ET,Q2 2017 American Express Earnings Conference Call,Earnings,,/events/event-details/2017/Q2-2017-American-Express-Earnings-Conference-Call/default.aspx
2017-07-14,1:00 PM ET,American Express Company at William Blair Growth Stock Conference,Conference,,/events/event-details/2017/American-Express-Company-at-William-Blair-Growth-Stock-Conference/default.aspx
2017-06-01,10:00 AM ET,Bernstein Thirty-Third Annual Strategic Decisions Conference 2017,Conference,,/events/event-details/2017/Bernstein-Thirty-Third-Annual-Strategic-Decisions-Conference-2017/default.aspx
2017-05-01,9:00 AM ET,American Express Company 2017 Annual Shareholders' Meeting,Other,,/events/event-details/2017/American-Express-Company-2017-Annual-Shareholders-Meeting/default.aspx
2017-04-19,5:00 PM-6:00 PM ET,Q1 2017 American Express Earnings Conference Call,Earnings,,/events/event-details/2017/Q1-2017-American-Express-Earnings-Conference-Call/default.aspx
2017-03-08,1:00 PM-5:00 PM ET,American Express Company Investor Day,Investor Day,,/events/event-details/2017/American-Express-Company-Investor-Day/default.aspx
2017-02-27,9:40 AM ET,American Express Company at KBW Cards Payments & Financial Technology Symposium,Other,,/events/event-details/2017/American-Express-Company-at-KBW-Cards-Payments--Financial-Technology-Symposium/default.aspx
2017-01-19,5:00 PM-6:00 PM ET,Q4 2016 American Express Earnings Conference Call,Earnings,,/events/event-details/2017/Q4-2016-American-Express-Earnings-Conference-Call/default.aspx
2016-12-06,10:50 AM ET,American Express Company at the Goldman Sachs U.S. Financial Services Conference,Conference,,/events/event-details/2016/American-Express-Company-at-the-Goldman-Sachs-US-Financial-Services-Conference/default.aspx
2016-11-15,11:40 AM ET,American Express Company at the Bank of America Future of Financials Conference,Conference,,/events/event-details/2016/American-Express-Company-at-the-Bank-of-America-Future-of-Financials-Conference/default.aspx
2016-10-19,5:00 PM-6:00 PM ET,Q3 2016 American Express Earnings Conference Call,Earnings,,/events/event-details/2016/Q3-2016-American-Express-Earnings-Conference-Call/default.aspx
2016-07-21,4:30 PM-5:30 PM ET,Q2 2016 Fixed Income Conference Call,Earnings,,/events/event-details/2016/Q2-2016-Fixed-Income-Conference-Call/default.aspx
2016-07-20,5:00 PM-6:00 PM ET,Q2 2016 American Express Earnings Conference Call,Earnings,,/events/event-details/2016/Q2-2016-American-Express-Earnings-Conference-Call/default.aspx
2016-06-14,4:30 PM ET,American Express Company at William Blair Growth Stock Conference,Conference,,/events/event-details/2016/American-Express-Company-at-William-Blair-Growth-Stock-Conference/default.aspx
2016-06-01,10:00 AM ET,American Express Company at Bernstein Thirty-Second Annual Strategic Decisions Conference 2016,Conference,,/events/event-details/2016/American-Express-Company-at-Bernstein-Thirty-Second-Annual-Strategic-Decisions-Conference-2016/default.aspx
2016-05-02,9:00 AM ET,American Express Company 2016 Annual Shareholders' Meeting,Other,,/events/event-details/2016/American-Express-Company-2016-Annual-Shareholders-Meeting/default.aspx
2016-04-20,5:00 PM-6:00 PM ET,Q1 2016 American Express Earnings Conference Call,Earnings,,/events/event-details/2016/Q1-2016-American-Express-Earnings-Conference-Call/default.aspx
2016-03-10,1:30 PM-5:00 PM ET,American Express Company Investor Day,Investor Day,,/events/event-details/2016/American-Express-Company-Investor-Day/default.aspx
2016-02-02,9:40 AM-10:20 AM ET,American Express Company at KBW Cards Payments & Financial Technology Symposium,Other,,/events/event-details/2016/American-Express-Company-at-KBW-Cards-Payments--Financial-Technology-Symposium/default.aspx
2016-01-21,5:00 PM-6:00 PM ET,Q4 2015 American Express Earnings Conference Call,Earnings,,/events/event-details/2016/Q4-2015-American-Express-Earnings-Conference-Call/default.aspx
2015-12-09,1:10 PM-1:50 PM ET,American Express Company at Goldman Sachs U.S. Financial Services Conference,Conference,,/events/event-details/2015/American-Express-Company-at-Goldman-Sachs-US-Financial-Services-Conference/default.aspx
2015-12-02,8:45 AM-9:25 AM ET,American Express Company at J.P. Morgan Financial Technology & Specialty Finance Forum,Other,,/events/event-details/2015/American-Express-Company-at-JP-Morgan-Financial-Technology--Specialty-Finance-Forum/default.aspx
2015-11-10,1:00 PM ET,American Express Company at Citi Financial Technology Conference,Conference,,/events/event-details/2015/American-Express-Company-at-Citi-Financial-Technology-Conference/default.aspx
2015-10-21,5:00 PM-6:00 PM ET,Q3 2015 American Express Earnings Conference Call,Earnings,,/events/event-details/2015/Q3-2015-American-Express-Earnings-Conference-Call/default.aspx
2015-09-18,11:15 AM ET,American Express Company at Barclays Global Financial Services Conference,Conference,,/events/event-details/2015/American-Express-Company-at-Barclays-Global-Financial-Services-Conference/default.aspx
2015-07-28,4:30 PM-5:30 PM ET,Q2 2015 Fixed Income Conference Call,Earnings,,/events/event-details/2015/Q2-2015-Fixed-Income-Conference-Call/default.aspx
2015-07-22,5:00 PM-6:00 PM ET,Q2 2015 American Express Company Earnings Conference Call,Earnings,,/events/event-details/2015/Q2-2015-American-Express-Company-Earnings-Conference-Call/default.aspx
2015-06-10,1:15 PM ET,American Express Company at Morgan Stanley Financials Conference,Conference,,/events/event-details/2015/American-Express-Company-at-Morgan-Stanley-Financials-Conference/default.aspx
2015-06-09,12:00 AM-1:00 PM ET,American Express Company at William Blair Growth Stock Conference,Conference,,/events/event-details/2015/American-Express-Company-at-William-Blair-Growth-Stock-Conference/default.aspx
2015-05-28,11:00 AM ET,American Express Company at Bernstein Strategic Decisions Conference,Conference,,/events/event-details/2015/American-Express-Company-at-Bernstein-Strategic-Decisions-Conference/default.aspx
2015-05-11,9:00 AM ET,American Express Company 2015 Annual Shareholders' Meeting,Other,,/events/event-details/2015/American-Express-Company-2015-Annual-Shareholders-Meeting/default.aspx
2015-04-16,5:00 PM ET,Q1 2015 American Express Company Earnings Conference Call,Earnings,,/events/event-details/2015/Q1-2015-American-Express-Company-Earnings-Conference-Call/default.aspx
2015-03-25,12:00 AM-1:00 PM ET,American Express Company Investor Day,Investor Day,,/events/event-details/2015/American-Express-Company-Investor-Day/default.aspx
2015-03-10,3:25 PM ET,"American Express Company at KBW Cards, Payments & Financial Technology Symposium",Other,,/events/event-details/2015/American-Express-Company-at-KBW-Cards-Payments--Financial-Technology-Symposium/default.aspx
2015-02-12,8:30 AM ET,American Express Company February 12th Investor Call,Other,,/events/event-details/2015/American-Express-Company-February-12th-Investor-Call/default.aspx
2015-01-21,5:00 PM ET,Q4 2014 American Express Company Earnings Conference Call,Earnings,,/events/event-details/2015/Q4-2014-American-Express-Company-Earnings-Conference-Call/default.aspx
2014-12-10,12:00 AM-1:00 PM ET,American Express Company at Goldman Sachs U.S. Financial Services Conference,Conference,,/events/event-details/2014/American-Express-Company-at-Goldman-Sachs-US-Financial-Services-Conference/default.aspx
2014-11-13,9:40 AM ET,American Express Company at the Merrill Lynch Banking and Financial Services Investor Conference,Conference,,/events/event-details/2014/American-Express-Company-at-the-Merrill-Lynch-Banking-and-Financial-Services-Investor-Conference/default.aspx
2014-11-04,11:30 AM ET,American Express Company at Money 20/20,Other,,/events/event-details/2014/American-Express-Company-at-Money-20-20/default.aspx
2014-10-15,5:00 PM ET,Q3 2014 American Express Company Earnings Conference Call,Earnings,,/events/event-details/2014/Q3-2014-American-Express-Company-Earnings-Conference-Call/default.aspx
2014-09-08,12:00 AM-1:00 PM ET,American Express Company at Barclays Global Financial Services Conference,Conference,,/events/event-details/2014/American-Express-Company-at-Barclays-Global-Financial-Services-Conference/default.aspx
2014-08-07,3:00 PM ET,Q2 2014 Fixed Income Conference Call,Earnings,,/events/event-details/2014/Q2-2014-Fixed-Income-Conference-Call/default.aspx
2014-07-29,5:00 PM ET,Q2 2014 American Express Company Earnings Conference Call,Earnings,,/events/event-details/2014/Q2-2014-American-Express-Company-Earnings-Conference-Call/default.aspx
2014-06-11,2:25 PM ET,American Express Company at Morgan Stanley Financials Conference,Conference,,/events/event-details/2014/American-Express-Company-at-Morgan-Stanley-Financials-Conference/default.aspx
2014-05-29,2:00 PM ET,American Express Company at Sanford Bernstein’s 30th Annual Strategic Decisions Conference,Conference,,/events/event-details/2014/American-Express-Company-at-Sanford-Bernsteins-30th-Annual-Strategic-Decisions-Conference/default.aspx
2014-05-14,3:00 PM ET,American Express Company at Sanford Bernstein Disruptive Trends in Financial Services Conference,Conference,,/events/event-details/2014/American-Express-Company-at-Sanford-Bernstein-Disruptive-Trends-in-Financial-Services-Conference/default.aspx
2014-05-12,9:00 AM ET,American Express Company 2014 Annual Shareholders’ Meeting,Other,,/events/event-details/2014/American-Express-Company-2014-Annual-Shareholders-Meeting/default.aspx
2014-04-16,5:00 PM ET,Q1 2014 American Express Company Earnings Conference Call,Earnings,,/events/event-details/2014/Q1-2014-American-Express-Company-Earnings-Conference-Call/default.aspx
2014-02-10,11:20 AM ET,"AXP KBW Cards, Payments & Financial Technology Symposium",Other,,/events/event-details/2014/AXP-KBW-Cards-Payments--Financial-Technology-Symposium/default.aspx
2014-02-05,2:30 PM ET,American Express Company Semi-Annual Financial Community Meeting,Other,,/events/event-details/2014/American-Express-Company-Semi-Annual-Financial-Community-Meeting/default.aspx
2014-01-16,5:00 PM ET,Q4 2013 American Express Company Earnings Conference Call,Earnings,,/events/event-details/2014/Q4-2013-American-Express-Company-Earnings-Conference-Call/default.aspx
2013-12-11,2:00 PM ET,AXP Goldman Sachs Financial Services Conference,Conference,,/events/event-details/2013/AXP-Goldman-Sachs-Financial-Services-Conference/default.aspx
2013-11-07,1:15 PM ET,AXP Citi Financial Technology Conference,Conference,,/events/event-details/2013/AXP-Citi-Financial-Technology-Conference/default.aspx
2013-10-16,5:00 PM ET,Q3 2013 American Express Company Earnings Conference Call,Earnings,,/events/event-details/2013/Q3-2013-American-Express-Company-Earnings-Conference-Call/default.aspx
2013-09-11,8:15 AM ET,American Express Company at Barclays Global Financial Services Conference,Conference,,/events/event-details/2013/American-Express-Company-at-Barclays-Global-Financial-Services-Conference/default.aspx
2013-08-08,2:30 PM ET,American Express Company Semi-Annual Financial Community Meeting,Other,,/events/event-details/2013/American-Express-Company-Semi-Annual-Financial-Community-Meeting/default.aspx
2013-07-17,5:00 PM ET,Q2 2013 American Express Company Earnings Conference Call,Earnings,,/events/event-details/2013/Q2-2013-American-Express-Company-Earnings-Conference-Call/default.aspx
2013-06-12,3:00 PM ET,American Express Company at William Blair Growth Stock Conference,Conference,,/events/event-details/2013/American-Express-Company-at-William-Blair-Growth-Stock-Conference/default.aspx
2013-06-12,9:45 AM ET,American Express Company at Morgan Stanley Financials Conference,Conference,,/events/event-details/2013/American-Express-Company-at-Morgan-Stanley-Financials-Conference/default.aspx
2013-04-29,9:00 AM ET,American Express Company 2013 Annual Shareholders' Meeting,Other,,/events/event-details/2013/American-Express-Company-2013-Annual-Shareholders-Meeting/default.aspx
2013-04-17,5:00 PM ET,Q1 2013 American Express Company Earnings Conference Call,Earnings,,/events/event-details/2013/Q1-2013-American-Express-Company-Earnings-Conference-Call/default.aspx
2013-02-11,9:15 AM ET,"American Express Company at KBW Cards, Payments & Financial Technology Symposium",Other,,/events/event-details/2013/American-Express-Company-at-KBW-Cards-Payments--Financial-Technology-Symposium/default.aspx
2013-02-06,2:30 PM ET,American Express Company Semi-Annual Financial Community Meeting,Other,,/events/event-details/2013/American-Express-Company-Semi-Annual-Financial-Community-Meeting13/default.aspx
2013-01-28,12:00 AM-1:00 PM ET,"American Securitization Forum, Inc. (ASF) Presentation",Other,,/events/event-details/2013/American-Securitization-Forum-Inc-ASF-Presentation/default.aspx
2013-01-17,5:00 PM ET,Q4 2012 American Express Company Earnings Conference Call,Earnings,,/events/event-details/2013/Q4-2012-American-Express-Company-Earnings-Conference-Call/default.aspx
2013-01-10,5:00 PM ET,American Express Company January 10th Investor Call,Other,,/events/event-details/2013/American-Express-Company-January-10th-Investor-Call/default.aspx
2012-12-04,12:00 AM-1:00 PM ET,American Express Company at Goldman Sachs Financial Services Conference,Conference,,/events/event-details/2012/American-Express-Company-at-Goldman-Sachs-Financial-Services-Conference/default.aspx
2012-11-21,12:00 AM-1:00 PM ET,November Fixed Income Presentation,Other,,/events/event-details/2012/November-Fixed-Income-Presentation/default.aspx
2012-10-17,12:00 AM-1:00 PM ET,Q3 2012 American Express Company Earnings Conference Call,Earnings,,/events/event-details/2012/Q3-2012-American-Express-Company-Earnings-Conference-Call/default.aspx
2012-10-08,12:00 AM-1:00 PM ET,Walmart and American Express Financial Services Announcement,Other,,/events/event-details/2012/Walmart-and-American-Express-Financial-Services-Announcement/default.aspx
2012-09-13,12:00 AM-1:00 PM ET,American Express Company at Goldman Sachs Financial Technology Conference,Conference,,/events/event-details/2012/American-Express-Company-at-Goldman-Sachs-Financial-Technology-Conference/default.aspx
2012-08-08,12:00 AM-1:00 PM ET,American Express Company Semi-Annual Financial Community Meeting,Other,,/events/event-details/2012/American-Express-Company-Semi-Annual-Financial-Community-Meeting/default.aspx
2012-08-07,12:00 AM-1:00 PM ET,August Fixed Income Presentation,Other,,/events/event-details/2012/August-Fixed-Income-Presentation/default.aspx
2012-07-30,12:00 AM-1:00 PM ET,July Fixed Income Presentation,Other,,/events/event-details/2012/July-Fixed-Income-Presentation/default.aspx
2012-07-19,12:00 AM-1:00 PM ET,Q2 2012 Fixed Income Conference Call Presentation,Earnings,,/events/event-details/2012/Q2-2012-Fixed-Income-Conference-Call-Presentation/default.aspx
2012-07-18,12:00 AM-1:00 PM ET,Q2 2012 American Express Company Earnings Conference Call,Earnings,,/events/event-details/2012/Q2-2012-American-Express-Company-Earnings-Conference-Call/default.aspx
2012-06-13,12:00 AM-1:00 PM ET,American Express Company at Morgan Stanley Financials Conference,Conference,,/events/event-details/2012/American-Express-Company-at-Morgan-Stanley-Financials-Conference/default.aspx
2012-05-30,12:00 AM-1:00 PM ET,American Express Company at Sanford C. Bernstein & Co. Strategic Decisions Conference,Conference,,/events/event-details/2012/American-Express-Company-at-Sanford-C-Bernstein--Co-Strategic-Decisions-Conference/default.aspx
2012-05-16,12:00 AM-1:00 PM ET,American Express Company at Barclays Capital Americas Select Franchise Conference,Conference,,/events/event-details/2012/American-Express-Company-at-Barclays-Capital-Americas-Select-Franchise-Conference/default.aspx
2012-05-09,12:00 AM-1:00 PM ET,May Fixed Income Presentation,Other,,/events/event-details/2012/May-Fixed-Income-Presentation/default.aspx
2012-04-30,12:00 AM-1:00 PM ET,Annual Meeting of Shareholders,Annual Meeting,,/events/event-details/2012/Annual-Meeting-of-Shareholders/default.aspx
2012-04-18,12:00 AM-1:00 PM ET,Q1 2012 American Express Company Earnings Conference Call,Earnings,,/events/event-details/2012/Q1-2012-American-Express-Company-Earnings-Conference-Call/default.aspx
2012-03-07,12:00 AM-1:00 PM ET,American Express Company at Citi Financial Services Conference,Conference,,/events/event-details/2012/American-Express-Company-at-Citi-Financial-Services-Conference/default.aspx
2012-02-28,12:00 AM-1:00 PM ET,February Fixed Income Presentation,Other,,/events/event-details/2012/February-Fixed-Income-Presentation/default.aspx
2012-02-16,12:00 AM-1:00 PM ET,American Express Company at KBW Payments Conference,Conference,,/events/event-details/2012/American-Express-Company-at-KBW-Payments-Conference/default.aspx
2012-02-08,12:00 AM-1:00 PM ET,American Express Company Semi-Annual Financial Community Meeting,Other,,/events/event-details/2012/American-Express-Company-Semi-Annual-Financial-Community-Meeting12/default.aspx
2012-01-23,12:00 AM-1:00 PM ET,"American Securitization Forum, Inc. (ASF) Presentation",Other,,/events/event-details/2012/American-Securitization-Forum-Inc-ASF-Presentation/default.aspx
2012-01-19,12:00 AM-1:00 PM ET,Q4 2011 American Express Company Earnings Conference Call,Earnings,,/events/event-details/2012/Q4-2011-American-Express-Company-Earnings-Conference-Call/default.aspx
2011-12-07,10:50 AM ET,American Express Company at Goldman Sachs US Financial Services Conference,Conference,,/events/event-details/2011/American-Express-Company-at-Goldman-Sachs-US-Financial-Services-Conference/default.aspx
2011-11-15,3:00 PM ET,American Express Company at Bank of America Merrill Lynch Banking and Financial Services Conference,Conference,,/events/event-details/2011/American-Express-Company-at-Bank-of-America-Merrill-Lynch-Banking-and-Financial-Services-Conference/default.aspx
2011-11-08,6:00 PM ET,American Express Company at CLSA AsiaUSA San Francisco Forum,Other,,/events/event-details/2011/American-Express-Company-at-CLSA-AsiaUSA-San-Francisco-Forum/default.aspx
2011-11-07,12:00 AM-1:00 PM ET,November Fixed Income Presentation,Other,,/events/event-details/2011/November-Fixed-Income-Presentation/default.aspx
2011-10-19,5:00 PM ET,Q3 2011 American Express Company Earnings Conference Call,Earnings,,/events/event-details/2011/Q3-2011-American-Express-Company-Earnings-Conference-Call/default.aspx
2011-09-14,12:20 PM ET,American Express Company at Barclays Capital Global Financial Services Conference,Conference,,/events/event-details/2011/American-Express-Company-at-Barclays-Capital-Global-Financial-Services-Conference/default.aspx
2011-09-13,8:15 AM ET,American Express Company at Goldman Sachs Financial Technology Conference,Conference,,/events/event-details/2011/American-Express-Company-at-Goldman-Sachs-Financial-Technology-Conference/default.aspx
