date,title,document
"May 01, 2026",May Fixed Income Presentation,https://s26.q4cdn.com/747928648/files/doc_downloads/fixed_income/2026/05/May-Fixed-Income-Presentation.pdf
"Feb 18, 2026",February Fixed Income Presentation,https://s26.q4cdn.com/747928648/files/doc_downloads/fixed_income/2026/02/February-Fixed-Income-Presentation.pdf
"Oct 31, 2025",October Fixed Income Presentation,https://s26.q4cdn.com/747928648/files/doc_downloads/fixed_income/2025/10/October-Fixed-Income-Presentation.pdf
"Aug 11, 2025",August Fixed Income Presentation,https://s26.q4cdn.com/747928648/files/doc_downloads/fixed_income/2025/08/11/August-Fixed-Income-Presentation.pdf
"Apr 25, 2025",April Fixed Income Presentation (As revised),https://s26.q4cdn.com/747928648/files/doc_downloads/fixed_income/2025/08/11/April-Fixed-Income-Presentation.pdf
"Feb 20, 2025",February Fixed Income Presentation (As revised),https://s26.q4cdn.com/747928648/files/doc_downloads/fixed_income/2025/08/11/February-Fixed-Income-Presentation.pdf
"Oct 28, 2024",October Fixed Income Presentation (As revised),https://s26.q4cdn.com/747928648/files/doc_downloads/fixed_income/2024/as-revised/October-Fixed-Income-Presentation.pdf
"Aug 08, 2024",August Fixed Income Presentation (As revised),https://s26.q4cdn.com/747928648/files/doc_downloads/fixed_income/2024/as-revised/August-Fixed-Income-Presentation.pdf
"Apr 29, 2024",April Fixed Income Presentation (As revised),https://s26.q4cdn.com/747928648/files/doc_downloads/fixed_income/2024/as-revised/April-Fixed-Income-Presentation.pdf
"Feb 21, 2024",February Fixed Income Presentation (As revised),https://s26.q4cdn.com/747928648/files/doc_downloads/fixed_income/2024/as-revised/February-Fixed-Income-Presentation.pdf
"Oct 31, 2023",October Fixed Income Presentation,https://s26.q4cdn.com/747928648/files/doc_presentations/2023/10/31/October-Fixed-Income-Presentation.pdf
"Aug 07, 2023",July Fixed Income Presentation,https://s26.q4cdn.com/747928648/files/doc_presentations/2023/08/July-Fixed-Income-Presentation.pdf
"May 01, 2023",April Fixed Income Presentation,https://s26.q4cdn.com/747928648/files/doc_presentations/2023/April-Fixed-Income-Presentation_vf.pdf
"Feb 10, 2023",February Fixed Income Presentation,https://s26.q4cdn.com/747928648/files/doc_downloads/2023/02/February-Fixed-Income-Presentation.pdf
"Oct 28, 2022",October Fixed Income Presentation,https://s26.q4cdn.com/747928648/files/doc_presentations/2022/10/October-Fixed-Income-Presentation.pdf
"Jul 28, 2022",July Fixed Income Presentation,https://s26.q4cdn.com/747928648/files/doc_presentations/2022/07/July-Fixed-Income-Presentation.pdf
"May 03, 2022",April Fixed Income Presentation,https://s26.q4cdn.com/747928648/files/doc_presentations/2022/05/April-Fixed-Income-Presentation.pdf
"Feb 15, 2022",February Fixed Income Presentation,https://s26.q4cdn.com/747928648/files/doc_downloads/fixed_income/2022/February-Fixed-Income-Presentation.pdf
"Oct 29, 2021",October Fixed Income Presentation,https://s26.q4cdn.com/747928648/files/doc_downloads/fixed_income/2021/October-Fixed-Income-Presentation.pdf
"Jul 23, 2021",July Fixed Income Presentation,https://s26.q4cdn.com/747928648/files/doc_downloads/fixed_income/2021/09/July-Fixed-Income-Presentation.pdf
"Apr 23, 2021",April Fixed Income Presentation,https://s26.q4cdn.com/747928648/files/doc_downloads/fixed_income/2021/April-Fixed-Income-Presentation.pdf
"Feb 18, 2021",February Fixed Income Presentation,https://s26.q4cdn.com/747928648/files/doc_downloads/fixed_income/2021/February-Fixed-Income-Presentation.pdf
"Oct 28, 2020",October Fixed Income Presentation,https://s26.q4cdn.com/747928648/files/doc_downloads/fixed_income/2020/65889247-0130-6dfe-6587-764e12efc9f0.pdf
"Jul 30, 2020",July Fixed Income Presentation,https://s26.q4cdn.com/747928648/files/doc_downloads/fixed_income/2020/47e7e097-2b77-2abd-59ce-469843ea0c63.pdf
"Apr 27, 2020",April Fixed Income Presentation,https://s26.q4cdn.com/747928648/files/doc_downloads/fixed_income/2020/aca6ee90-d382-248b-97b8-8db87bc45853.pdf
"Feb 20, 2020",ABS West Presentation,https://s26.q4cdn.com/747928648/files/doc_downloads/fixed_income/2020/4c047881-4c58-9984-6840-627981bae135.pdf
"Oct 25, 2019",October Fixed Income Presentation,https://s26.q4cdn.com/747928648/files/doc_downloads/fixed_income/2019/6f6f525c-cf23-d51a-ac62-f7c66af9525a.pdf
"Jul 25, 2019",July Fixed Income Presentation,https://s26.q4cdn.com/747928648/files/doc_downloads/fixed_income/2019/78a39756-90e0-bb8d-e539-814689891285.pdf
"Apr 26, 2019",April Fixed Income Presentation,https://s26.q4cdn.com/747928648/files/doc_downloads/fixed_income/2019/dcf9b0b6-8f90-ffc9-5c44-7fbbc4301299.pdf
"Mar 15, 2019",March Fixed Income Presentation,https://s26.q4cdn.com/747928648/files/doc_downloads/fixed_income/2019/7b3e5d2e-b867-5f66-71fa-699935121d90.pdf
"Feb 22, 2019",ABS West Presentation,https://s26.q4cdn.com/747928648/files/doc_downloads/fixed_income/2019/4c86cc1a-5dc9-7a20-0141-adb0921be78e.pdf
"Oct 26, 2018",October Fixed Income Presentation,https://s26.q4cdn.com/747928648/files/doc_downloads/fixed_income/2018/f040a49e-2a6e-6dcf-f480-9423d73a3f6e.pdf
"Jul 27, 2018",July Fixed Income Presentation,https://s26.q4cdn.com/747928648/files/doc_downloads/fixed_income/2018/2dc4b056-d868-3b94-fae6-b446355f8b10.pdf
"Apr 27, 2018",April Fixed Income Presentation,https://s26.q4cdn.com/747928648/files/doc_downloads/fixed_income/2018/bdb9fc7f-f7d8-e852-d61b-6f751aad7c9f.pdf
"Feb 26, 2018",ABS West Presentation,https://s26.q4cdn.com/747928648/files/doc_downloads/fixed_income/2018/e660d7df-e780-93a8-2ac4-f5886712ed47.pdf
"Feb 16, 2018",February Fixed Income Presentation,https://s26.q4cdn.com/747928648/files/doc_downloads/fixed_income/2018/8f55438e-f4aa-f776-a0a8-cd5bb57cf4a3.pdf
"Nov 01, 2017",November Fixed Income Presentation,https://s26.q4cdn.com/747928648/files/doc_downloads/fixed_income/2017/a49180eb-5a2a-ee95-309f-ab4237bc7180.pdf
"Jul 31, 2017",July Fixed Income Presentation,https://s26.q4cdn.com/747928648/files/doc_downloads/fixed_income/2017/a3d132d5-d80e-3d33-7830-f5643a003103.pdf
"Apr 28, 2017",April Fixed Income Presentation,https://s26.q4cdn.com/747928648/files/doc_downloads/fixed_income/2017/658c5b43-8465-79cd-f55e-3f83f77a0cbb.pdf
"Feb 27, 2017",ABS West Presentation,https://s26.q4cdn.com/747928648/files/doc_downloads/fixed_income/2017/2738d2b8-8b0b-d3b5-61de-3e4867f99a9c.pdf
"Feb 17, 2017",February Fixed Income Presentation,https://s26.q4cdn.com/747928648/files/doc_downloads/fixed_income/2017/e4c01fac-550e-191b-b70c-a2025aa1ac79.pdf
"Oct 26, 2016",October Fixed Income Presentation,https://s26.q4cdn.com/747928648/files/doc_downloads/fixed_income/2016/cdabc313-77df-70ec-215a-45f88aab12be.pdf
"Jul 21, 2016",Q2'16 Fixed Income Conference Call Presentation,https://s26.q4cdn.com/747928648/files/doc_downloads/fixed_income/2016/989817db-4a5e-e66f-16fd-391fe8a22d31.pdf
"Apr 29, 2016",April Fixed Income Presentation,https://s26.q4cdn.com/747928648/files/doc_downloads/fixed_income/2016/7e5034e0-aaea-1d44-b055-a344aee6b975.pdf
"Feb 29, 2016",Structured Finance Industry Group (SFIG) Presentation,https://s26.q4cdn.com/747928648/files/doc_downloads/fixed_income/2016/ff9c200f-ae44-9a81-79b8-bf1328a3a775.pdf
"Feb 03, 2016",February Fixed Income Presentation,https://s26.q4cdn.com/747928648/files/doc_downloads/fixed_income/2016/30bc632e-a526-aa3a-2371-eb25790b829e.pdf
"Oct 28, 2015",October Fixed Income Presentation,https://s26.q4cdn.com/747928648/files/doc_downloads/fixed_income/2015/31a702fb-3764-c113-0906-f5f60d203a06.pdf
"Jul 28, 2015",Q2'15 Fixed Income Conference Call Presentation,https://s26.q4cdn.com/747928648/files/doc_downloads/fixed_income/2015/3f15513b-acc4-8b22-6490-c8ee334eb3cf.pdf
"May 27, 2015",American Financial Services Association (AFSA) Presentation (New York),https://s26.q4cdn.com/747928648/files/doc_downloads/fixed_income/2015/b4f455b8-9d11-a193-86f3-557b5921177b.pdf
"Apr 24, 2015",April Fixed Income Presentation,https://s26.q4cdn.com/747928648/files/doc_downloads/fixed_income/2015/143915cc-bfca-0e50-a3b4-76b668ead6b0.pdf
"Feb 09, 2015",February Fixed Income Presentation,https://s26.q4cdn.com/747928648/files/doc_downloads/fixed_income/2015/9bb2b49e-ef09-ddca-17c4-12220e083474.pdf
"Feb 09, 2015",Structured Finance Industry Group (SFIG) Presentation,https://s26.q4cdn.com/747928648/files/doc_downloads/fixed_income/2015/f39f8bf8-6d13-cef2-1e18-7cea7a93871f.pdf
"Oct 22, 2014",October Fixed Income Presentation,https://s26.q4cdn.com/747928648/files/doc_downloads/fixed_income/2014/07e98886-8ac8-c4eb-6617-8c9b5c54a806.pdf
"Aug 07, 2014",Q2'14 Fixed Income Conference Call Presentation,https://s26.q4cdn.com/747928648/files/doc_downloads/fixed_income/2014/3ab6d90c-5b80-f2bf-66b7-98983348fcfc.pdf
"Jul 29, 2014",July Fixed Income Presentation,https://s26.q4cdn.com/747928648/files/doc_downloads/fixed_income/2014/c10f95d0-67ba-45bd-1ebf-887027a8af78.pdf
"May 27, 2014",American Financial Services Association (AFSA) Presentation - New York,https://s26.q4cdn.com/747928648/files/doc_downloads/fixed_income/2014/5132d4df-a764-e048-a115-5492e13eea87.pdf
"May 08, 2014",Canadian Fixed Income Investor Update,https://s26.q4cdn.com/747928648/files/doc_downloads/fixed_income/2014/ca68243f-4e25-c677-4405-f1b894d91771.pdf
"Apr 30, 2014",April Fixed Income Presentation,https://s26.q4cdn.com/747928648/files/doc_downloads/fixed_income/2014/597549fb-006d-11b8-bc6e-8676966db9c7.pdf
"Apr 30, 2014",American Express Company at RBC Fixed Income Investor Update,https://s26.q4cdn.com/747928648/files/doc_downloads/fixed_income/2014/5c8855ac-2fa1-15f4-a5cf-1bda1fa89431.pdf
"Feb 25, 2014",February Fixed Income Presentation,https://s26.q4cdn.com/747928648/files/doc_downloads/fixed_income/2014/cf99611c-d676-9e61-e2a4-700f8a867a6e.pdf
"Jan 22, 2014",Structured Finance Industry Group (SFIG) Presentation,https://s26.q4cdn.com/747928648/files/doc_downloads/fixed_income/2014/c8692a67-e555-bfe7-36e5-2e46ecef13d6.pdf
"Nov 01, 2013",November Fixed Income Presentation,https://s26.q4cdn.com/747928648/files/doc_downloads/fixed_income/2013/a3e7d227-0625-3f55-1f90-015350bec0ce.pdf
"Aug 08, 2013",August Fixed Income Presentation,https://s26.q4cdn.com/747928648/files/doc_downloads/fixed_income/2013/1841cde0-a622-87b0-70f9-873f19964059.pdf
"Jul 18, 2013",Q2'13 Fixed Income Conference Call Presentation,https://s26.q4cdn.com/747928648/files/doc_downloads/fixed_income/2013/50400d73-3134-46ee-ae9d-919e6b2512d7.pdf
"May 28, 2013",American Financial Services Association (AFSA) Presentation - Boston,https://s26.q4cdn.com/747928648/files/doc_downloads/fixed_income/2013/2c226b18-281c-f4a8-c812-f35fe2c8fe06.pdf
"May 03, 2013",May Fixed Income Presentation,https://s26.q4cdn.com/747928648/files/doc_downloads/fixed_income/2013/31241c2b-e0f8-749c-e669-799193bd912e.pdf
"Feb 25, 2013",February Fixed Income Presentation,https://s26.q4cdn.com/747928648/files/doc_downloads/fixed_income/2013/a7185790-0520-1cc8-34fa-1150979ed083.pdf
"Jan 28, 2013",American Securitization Forum Inc. (ASF) Presentation,https://s26.q4cdn.com/747928648/files/doc_downloads/fixed_income/2013/4f310851-dd7c-c48a-95a6-8521cd1a2817.pdf
"Nov 21, 2012",November Fixed Income Presentation,https://s26.q4cdn.com/747928648/files/doc_downloads/fixed_income/2012/b3d7b3a6-d9b9-e498-5ceb-57e8e4a8dc26.pdf
"Aug 07, 2012",August Fixed Income Presentation,https://s26.q4cdn.com/747928648/files/doc_downloads/fixed_income/2012/6950eb02-7e1e-05f7-340a-4ae2caf0bbdb.pdf
"Jul 30, 2012",July Fixed Income Presentation,https://s26.q4cdn.com/747928648/files/doc_downloads/fixed_income/2012/6c335e89-ec5d-798b-d313-e93004e9e9be.pdf
"Jul 19, 2012",Q2'12 Fixed Income Conference Call Presentation,https://s26.q4cdn.com/747928648/files/doc_downloads/fixed_income/2012/1fd9742d-2872-0a90-5856-2647824a7964.pdf
"May 09, 2012",May Fixed Income Presentation,https://s26.q4cdn.com/747928648/files/doc_downloads/fixed_income/2012/f11eb120-27b5-ad6e-6dfa-2868ffe5239c.pdf
"Feb 28, 2012",February Fixed Income Presentation,https://s26.q4cdn.com/747928648/files/doc_downloads/fixed_income/2012/February-Fixed-Income-Presentation-022812.pdf
"Jan 23, 2012",American Securitization Forum Inc. (ASF) Presentation,https://s26.q4cdn.com/747928648/files/doc_downloads/fixed_income/2012/7147c654-8161-79a7-be0f-64651e55e1cd.pdf
"Nov 07, 2011",November Fixed Income Presentation,https://s26.q4cdn.com/747928648/files/doc_downloads/fixed_income/2011/November-Fixed-Income-Presentation-10711.pdf
"Aug 05, 2011",August Fixed Income Presentation,https://s26.q4cdn.com/747928648/files/doc_downloads/fixed_income/2011/August-Fixed-Income-Presenation080511.pdf
"Jul 28, 2011",Q2'11 Fixed Income Conference Call Presentation,https://s26.q4cdn.com/747928648/files/doc_downloads/fixed_income/2011/Q2'11-Fixed-Income-Presentation-Conference-Call-Presentation-072811.pdf
"Jun 07, 2011",American Financial Services Association (AFSA) Presentation - Boston,https://s26.q4cdn.com/747928648/files/doc_downloads/fixed_income/2011/American-Financial-Services-Association-(AFSA)-Presentation-Boston060711.pdf
"May 25, 2011",American Financial Services Association (AFSA) Presentation,https://s26.q4cdn.com/747928648/files/doc_downloads/fixed_income/2011/American-Financial-Services-Association-(AFSA)-Presentation052511.pdf
"Nov 18, 2010",November Fixed Income Presentation,https://s26.q4cdn.com/747928648/files/doc_downloads/fixed_income/2010/7c3378b1-9c2c-c6d2-9279-9077cb6b3126.pdf
"Aug 26, 2010",August Fixed Income Presentation,https://s26.q4cdn.com/747928648/files/doc_downloads/fixed_income/2010/acedc6f1-5daa-dad9-36e4-85ff24949c36.pdf
"May 21, 2010",May Fixed Income Presentation,https://s26.q4cdn.com/747928648/files/doc_downloads/fixed_income/2010/c904ec73-637d-311c-f47d-8b2a9cb11d59.pdf
"Mar 31, 2010",March Fixed Income Presentation,https://s26.q4cdn.com/747928648/files/doc_downloads/fixed_income/2010/March-Fixed-Income-Presentation033110.pdf
"Nov 30, 2009",November Fixed Income Presentation,https://s26.q4cdn.com/747928648/files/doc_downloads/fixed_income/2009/063ded01-1689-42c1-bbf9-d8467c720fee.pdf
"Aug 18, 2009",August Fixed Income Presentation (As revised),https://s26.q4cdn.com/747928648/files/doc_downloads/fixed_income/2009/07fc2281-eece-93b3-6d9d-705e57858871.pdf
"May 22, 2009",Additional Information on ABS Related Actions,https://s26.q4cdn.com/747928648/files/doc_downloads/fixed_income/2009/007ef1e6-c165-464c-8d60-715bbd9a51e7.pdf
"May 19, 2009",May Fixed Income Presentation (As revised),https://s26.q4cdn.com/747928648/files/doc_downloads/fixed_income/2009/f87f88eb-ac5c-e24e-584f-8971562a7977.pdf
"Mar 19, 2009",March Fixed Income Presentation (As revised),https://s26.q4cdn.com/747928648/files/doc_downloads/fixed_income/2009/e962002a-6734-0374-756d-5261ed4069d5.pdf
"Nov 19, 2008",November Fixed Income Presentation (As revised),https://s26.q4cdn.com/747928648/files/doc_downloads/fixed_income/2008/064d942d-07dd-8b7c-ff5a-a6074d9cb671.pdf
"Oct 02, 2008",Funding and Liquidity Update,https://s26.q4cdn.com/747928648/files/doc_downloads/fixed_income/2008/ed016696-7531-2e9f-f163-dcb66b105513.pdf
"Sep 09, 2008",September Fixed Income Presentation (As revised),https://s26.q4cdn.com/747928648/files/doc_downloads/fixed_income/2008/96a43a38-420f-a154-2996-40b45cc6699e.pdf
"May 16, 2008",May Fixed Income Presentation,https://s26.q4cdn.com/747928648/files/doc_downloads/fixed_income/2008/6db5f426-e6aa-4e15-cb33-2ecc9a7eea12.pdf
"Mar 12, 2008",March Fixed Income Presentation,https://s26.q4cdn.com/747928648/files/doc_downloads/fixed_income/2008/2135f0db-c892-28e2-117c-69cb267a3eb8.pdf
