date,title,link
2026-05-05,American Express Declares Dividend on Series D Preferred Stock,/news/investor-relations-news/investor-relations-news-details/2026/American-Express-Declares-Dividend-on-Series-D-Preferred-Stock-7859ad039/default.aspx
2026-05-04,American Express to Participate in Upcoming Investor Conferences,/news/investor-relations-news/investor-relations-news-details/2026/American-Express-to-Participate-in-Upcoming-Investor-Conferences/default.aspx
2026-05-04,"Long Lake, Backed by General Catalyst, to Purchase American Express Stake in Global Business Travel Group, Inc., as GBTG Agrees to be Acquired",/news/investor-relations-news/investor-relations-news-details/2026/Long-Lake-Backed-by-General-Catalyst-to-Purchase-American-Express-Stake-in-Global-Business-Travel-Group-Inc--as-GBTG-Agrees-to-be-Acquired/default.aspx
2026-04-23,American Express Reports First-Quarter 2026 Financial Results,/news/investor-relations-news/investor-relations-news-details/2026/American-Express-Reports-First-Quarter-2026-Financial-Results/default.aspx
2026-03-25,2026 Chairman's Letter to Shareholders,https://www.americanexpress.com/en-us/newsroom/articles/financial-news/2026-chairman-s-letter-to-shareholders.html
2026-03-04,American Express Updates First-Quarter 2026 Earnings Date and Plans to Host Live Audio Webcast of Annual Meeting of Shareholders,/news/investor-relations-news/investor-relations-news-details/2026/American-Express-Updates-First-Quarter-2026-Earnings-Date-and-Plans-to-Host-Live-Audio-Webcast-of-Annual-Meeting-of-Shareholders/default.aspx
2026-03-02,American Express Board Authorizes 16 Percent Increase in Common Shares Dividend,/news/investor-relations-news/investor-relations-news-details/2026/American-Express-Board-Authorizes-16-Percent-Increase-in-Common-Shares-Dividend/default.aspx
2026-01-30,American Express Reports Full-Year and Fourth-Quarter 2025 Financial Results,/news/investor-relations-news/investor-relations-news-details/2026/American-Express-Reports-Full-Year-and-Fourth-Quarter-2025-Financial-Results/default.aspx
2026-01-20,American Express Declares Dividend on Series D Preferred Stock,/news/investor-relations-news/investor-relations-news-details/2026/American-Express-Declares-Dividend-on-Series-D-Preferred-Stock/default.aspx
2026-01-09,American Express to Participate in UBS Financial Services Conference,/news/investor-relations-news/investor-relations-news-details/2026/American-Express-to-Participate-in-UBS-Financial-Services-Conference/default.aspx
2025-12-19,American Express Announces Fourth-Quarter 2025 and 2026 Earnings Conference Call Dates – UPDATED*,/news/investor-relations-news/investor-relations-news-details/2025/American-Express-Announces-Fourth-Quarter-2025-and-2026-Earnings-Conference-Call-Dates/default.aspx
2025-12-17,American Express Declares Regular Quarterly Dividend on Common Shares,/news/investor-relations-news/investor-relations-news-details/2025/American-Express-Declares-Regular-Quarterly-Dividend-on-Common-Shares/default.aspx
2025-10-27,American Express Declares Dividend on Series D Preferred Stock,/news/investor-relations-news/investor-relations-news-details/2025/American-Express-Declares-Dividend-on-Series-D-Preferred-Stock-9e2acfbaf/default.aspx
2025-10-17,American Express Reports Third-Quarter 2025 Financial Results,/news/investor-relations-news/investor-relations-news-details/2025/American-Express-Reports-Third-Quarter-2025-Financial-Results/default.aspx
2025-10-13,American Express to Participate in Upcoming Investor Conferences,/news/investor-relations-news/investor-relations-news-details/2025/American-Express-to-Participate-in-Upcoming-Investor-Conferences-f19c51fdd/default.aspx
2025-09-24,American Express Declares Regular Quarterly Dividend,/news/investor-relations-news/investor-relations-news-details/2025/American-Express-Declares-Regular-Quarterly-Dividend-26cac9db4/default.aspx
2025-09-18,"There’s Nothing Like Platinum™: American Express Unveils Updated U.S. Consumer and Business Platinum Cards, Each with Over $3,500 in Annual Value",/news/investor-relations-news/investor-relations-news-details/2025/Theres-Nothing-Like-Platinum-American-Express-Unveils-Updated-U-S--Consumer-and-Business-Platinum-Cards-Each-with-Over-3500-in-Annual-Value/default.aspx
2025-09-17,American Express Plans Live Audio Webcast of Third-Quarter 2025 Earnings Conference Call,/news/investor-relations-news/investor-relations-news-details/2025/American-Express-Plans-Live-Audio-Webcast-of-Third-Quarter-2025-Earnings-Conference-Call/default.aspx
2025-08-06,American Express to Participate in Barclays Global Financial Services Conference,/news/investor-relations-news/investor-relations-news-details/2025/American-Express-to-Participate-in-Barclays-Global-Financial-Services-Conference/default.aspx
2025-07-23,American Express Elects Randal K. Quarles and Noel Wallace to Board of Directors,/news/investor-relations-news/investor-relations-news-details/2025/American-Express-Elects-Randal-K--Quarles-and-Noel-Wallace-to-Board-of-Directors/default.aspx
2025-07-22,American Express Declares Dividend on Series D Preferred Stock,/news/investor-relations-news/investor-relations-news-details/2025/American-Express-Declares-Dividend-on-Series-D-Preferred-Stock-c27a8b8e9/default.aspx
2025-07-18,"American Express Delivers Record Second-Quarter Revenue of $17.9 Billion, Up 9% Year-Over-Year, and Earnings Per Share of $4.08",/news/investor-relations-news/investor-relations-news-details/2025/American-Express-Delivers-Record-Second-Quarter-Revenue-of-17-9-Billion-Up-9-Year-Over-Year-and-Earnings-Per-Share-of-4-08/default.aspx
2025-07-01,American Express Announces 2025 Preliminary Stress Capital Buffer Requirement,/news/investor-relations-news/investor-relations-news-details/2025/American-Express-Announces-2025-Preliminary-Stress-Capital-Buffer-Requirement/default.aspx
2025-06-18,American Express Plans Live Audio Webcast of Second-Quarter 2025 Earnings Conference Call,/news/investor-relations-news/investor-relations-news-details/2025/American-Express-Plans-Live-Audio-Webcast-of-Second-Quarter-2025-Earnings-Conference-Call/default.aspx
2025-06-17,American Express Declares Regular Quarterly Dividend,/news/investor-relations-news/investor-relations-news-details/2025/American-Express-Declares-Regular-Quarterly-Dividend/default.aspx
2025-06-16,American Express Announces Major Updates Coming to U.S. Consumer and Business Platinum Cards® Later This Year,/news/investor-relations-news/investor-relations-news-details/2025/American-Express-Announces-Major-Updates-Coming-to-U-S--Consumer-and-Business-Platinum-Cards-Later-This-Year/default.aspx
2025-06-12,New Coinbase One Card to Launch on the American Express Network,/news/investor-relations-news/investor-relations-news-details/2025/New-Coinbase-One-Card-to-Launch-on-the-American-Express-Network/default.aspx
2025-05-06,American Express to Participate in Upcoming Investor Conferences,/news/investor-relations-news/investor-relations-news-details/2025/American-Express-to-Participate-in-Upcoming-Investor-Conferences/default.aspx
2025-05-01,American Express Declares Dividend on Series D Preferred Stock,/news/investor-relations-news/investor-relations-news-details/2025/American-Express-Declares-Dividend-on-Series-D-Preferred-Stock-5f9e0d8b2/default.aspx
2025-04-17,"American Express Delivers Strong First-Quarter Results With Revenue of $17.0 Billion, up 7%, or 8% on an FX-Adjusted Basis",/news/investor-relations-news/investor-relations-news-details/2025/American-Express-Delivers-Strong-First-Quarter-Results-With-Revenue-of-17-0-Billion-up-7-or-8-on-an-FX-Adjusted-Basis/default.aspx
2025-04-16,American Express Completes Acquisition of Center,/news/investor-relations-news/investor-relations-news-details/2025/American-Express-Completes-Acquisition-of-Center/default.aspx
2025-03-20,American Express Plans Live Audio Webcast of First-Quarter 2025 Earnings Conference Call and Annual Meeting of Shareholders,/news/investor-relations-news/investor-relations-news-details/2025/American-Express-Plans-Live-Audio-Webcast-of-First-Quarter-2025-Earnings-Conference-Call-and-Annual-Meeting-of-Shareholders/default.aspx
2025-03-06,American Express to Acquire Expense Management Software Company Center,/news/investor-relations-news/investor-relations-news-details/2025/American-Express-to-Acquire-Expense-Management-Software-Company-Center/default.aspx
2025-03-03,American Express Elects Michael J. Angelakis to Board of Directors,/news/investor-relations-news/investor-relations-news-details/2025/American-Express-Elects-Michael-J.-Angelakis-to-Board-of-Directors/default.aspx
2025-03-03,American Express Board Authorizes 17 Percent Dividend Increase,/news/investor-relations-news/investor-relations-news-details/2025/American-Express-Board-Authorizes-17-Percent-Dividend-Increase/default.aspx
2025-01-29,American Express Declares Dividend on Series D Preferred Stock,/news/investor-relations-news/investor-relations-news-details/2025/American-Express-Declares-Dividend-on-Series-D-Preferred-Stock/default.aspx
2025-01-24,"American Express Announces Record FY 2024 Revenue, Up 9%, or 10% on an FX-Adjusted Basis",/news/investor-relations-news/investor-relations-news-details/2025/American-Express-Announces-Record-FY-2024-Revenue-Up-9-or-10-on-an-FX-Adjusted-Basis/default.aspx
2025-01-14,American Express to Participate in UBS Financial Services Conference,/news/investor-relations-news/investor-relations-news-details/2025/American-Express-to-Participate-in-UBS-Financial-Services-Conference/default.aspx
2024-12-13,American Express Plans Live Audio Webcasts of Fourth Quarter 2024 and First Quarter 2025 Earnings Conference Calls,/news/investor-relations-news/investor-relations-news-details/2024/American-Express-Plans-Live-Audio-Webcasts-of-Fourth-Quarter-2024-and-First-Quarter-2025-Earnings-Conference-Calls/default.aspx
2024-12-12,American Express Declares Regular Quarterly Dividend,/news/investor-relations-news/investor-relations-news-details/2024/American-Express-Declares-Regular-Quarterly-Dividend-e98622d19/default.aspx
2024-11-08,American Express Chairman and CEO Stephen J. Squeri to Participate in Goldman Sachs U.S. Financial Services Conference,/news/investor-relations-news/investor-relations-news-details/2024/American-Express-Chairman-and-CEO-Stephen-J.-Squeri-to-Participate-in-Goldman-Sachs-U.S.-Financial-Services-Conference/default.aspx
2024-10-28,American Express Declares Dividend on Series D Preferred Stock,/news/investor-relations-news/investor-relations-news-details/2024/American-Express-Declares-Dividend-on-Series-D-Preferred-Stock-987025bcd/default.aspx
2024-10-18,"American Express Reports Third-Quarter Earnings Per Share of $3.49, and Raises Full-Year 2024 EPS Guidance",/news/investor-relations-news/investor-relations-news-details/2024/American-Express-Reports-Third-Quarter-Earnings-Per-Share-of-3.49-and-Raises-Full-Year-2024-EPS-Guidance/default.aspx
2024-10-15,American Express Completes Acquisition of Tock,/news/investor-relations-news/investor-relations-news-details/2024/American-Express-Completes-Acquisition-of-Tock/default.aspx
2024-09-24,American Express Declares Regular Quarterly Dividend,/news/investor-relations-news/investor-relations-news-details/2024/American-Express-Declares-Regular-Quarterly-Dividend/default.aspx
2024-09-17,American Express Plans Live Audio Webcast of Third Quarter 2024 Earnings Conference Call,/news/investor-relations-news/investor-relations-news-details/2024/American-Express-Plans-Live-Audio-Webcast-of-Third-Quarter-2024-Earnings-Conference-Call/default.aspx
2024-08-09,American Express Executives to Participate in Upcoming Investor Conferences,/news/investor-relations-news/investor-relations-news-details/2024/American-Express-Executives-to-Participate-in-Upcoming-Investor-Conferences/default.aspx
2024-07-19,American Express Raises Full-Year Earnings Per Share Guidance,/news/investor-relations-news/investor-relations-news-details/2024/American-Express-Raises-Full-Year-Earnings-Per-Share-Guidance/default.aspx
2024-07-08,American Express Declares Dividend on Series D Preferred Stock,/news/investor-relations-news/investor-relations-news-details/2024/American-Express-Declares-Dividend-on-Series-D-Preferred-Stock-4c2ff5be1/default.aspx
2024-06-21,"To Enhance Dining Platform, American Express Enters Agreement to Acquire Tock from Squarespace; Also Agrees to Acquire Rooam",/news/investor-relations-news/investor-relations-news-details/2024/To-Enhance-Dining-Platform-American-Express-Enters-Agreement-to-Acquire-Tock-from-Squarespace-Also-Agrees-to-Acquire-Rooam-0bfe99f4d/default.aspx
2024-06-18,American Express Plans Live Audio Webcast of Second Quarter 2024 Earnings Conference Call,/news/investor-relations-news/investor-relations-news-details/2024/American-Express-Plans-Live-Audio-Webcast-of-Second-Quarter-2024-Earnings-Conference-Call/default.aspx
2024-05-10,American Express to Participate in Upcoming Investor Conferences,/news/investor-relations-news/investor-relations-news-details/2024/American-Express-to-Participate-in-Upcoming-Investor-Conferences/default.aspx
2024-05-07,American Express Declares Dividend on Series D Preferred Stock and Regular Quarterly Dividend,/news/investor-relations-news/investor-relations-news-details/2024/American-Express-Declares-Dividend-on-Series-D-Preferred-Stock-and-Regular-Quarterly-Dividend/default.aspx
2024-04-19,"American Express First-Quarter Revenue Increased 11% to $15.8 Billion and EPS Increased 39% to $3.33, Reflecting Continued Business Momentum",/news/investor-relations-news/investor-relations-news-details/2024/American-Express-First-Quarter-Revenue-Increased-11-to-15.8-Billion-and-EPS-Increased-39-to-3.33-Reflecting-Continued-Business-Momentum/default.aspx
2024-03-22,American Express Plans Live Audio Webcast of First-Quarter 2024 Earnings Conference Call and Annual Meeting of Shareholders,/news/investor-relations-news/investor-relations-news-details/2024/American-Express-Plans-Live-Audio-Webcast-of-First-Quarter-2024-Earnings-Conference-Call-and-Annual-Meeting-of-Shareholders/default.aspx
2024-03-06,American Express Board Authorizes 17 Percent Dividend Increase,/news/investor-relations-news/investor-relations-news-details/2024/American-Express-Board-Authorizes-17-Percent-Dividend-Increase/default.aspx
2024-02-05,American Express Announces 2024 Investor Day,/news/investor-relations-news/investor-relations-news-details/2024/American-Express-Announces-2024-Investor-Day/default.aspx
2024-01-31,American Express Chief Financial Officer to Participate in Upcoming Investor Conferences,/news/investor-relations-news/investor-relations-news-details/2024/American-Express-Chief-Financial-Officer-to-Participate-in-Upcoming-Investor-Conferences/default.aspx
2024-01-26,"American Express Announces Record Full-Year 2023 Revenue of $60.5 Billion, Up 14% on a Reported Basis and 15% on an FX-Adjusted Basis",/news/investor-relations-news/investor-relations-news-details/2024/American-Express-Announces-Record-Full-Year-2023-Revenue-of-60.5-Billion-Up-14-on-a-Reported-Basis-and-15-on-an-FX-Adjusted-Basis/default.aspx
2024-01-24,American Express Declares Dividend on Series D Preferred Stock,/news/investor-relations-news/investor-relations-news-details/2024/American-Express-Declares-Dividend-on-Series-D-Preferred-Stock/default.aspx
2024-01-16,Accel-KKR to Acquire Accertify from American Express,/news/investor-relations-news/investor-relations-news-details/2024/Accel-KKR-to-Acquire-Accertify-from-American-Express/default.aspx
2023-12-14,American Express Plans Live Audio Webcast of Fourth Quarter 2023 Earnings Conference Call,/news/investor-relations-news/investor-relations-news-details/2023/American-Express-Plans-Live-Audio-Webcast-of-Fourth-Quarter-2023-Earnings-Conference-Call/default.aspx
2023-12-07,American Express Declares Regular Quarterly Dividend,/news/investor-relations-news/investor-relations-news-details/2023/American-Express-Declares-Regular-Quarterly-Dividend-bb6104a6a/default.aspx
2023-11-14,American Express Chairman and CEO Stephen J. Squeri to Participate in Goldman Sachs U.S. Financial Services Conference,/news/investor-relations-news/investor-relations-news-details/2023/American-Express-Chairman-and-CEO-Stephen-J.-Squeri-to-Participate-in-Goldman-Sachs-U.S.-Financial-Services-Conference/default.aspx
2023-10-27,American Express Declares Dividend on Series D Preferred Stock,/news/investor-relations-news/investor-relations-news-details/2023/American-Express-Declares-Dividend-on-Series-D-Preferred-Stock-f89abdebf/default.aspx
2023-10-20,"American Express Reports Sixth Consecutive Quarter of Record Revenue, Up 13% From Year Earlier to $15.4 Billion",/news/investor-relations-news/investor-relations-news-details/2023/American-Express-Reports-Sixth-Consecutive-Quarter-of-Record-Revenue-Up-13-From-Year-Earlier-to-15.4-Billion/default.aspx
2023-09-26,American Express Declares Regular Quarterly Dividend,/news/investor-relations-news/investor-relations-news-details/2023/American-Express-Declares-Regular-Quarterly-Dividend/default.aspx
2023-09-19,American Express Plans Live Audio Webcast of Third Quarter 2023 Earnings Conference Call,/news/investor-relations-news/investor-relations-news-details/2023/American-Express-Plans-Live-Audio-Webcast-of-Third-Quarter-2023-Earnings-Conference-Call/default.aspx
2023-08-10,American Express Vice Chair Douglas E. Buckminster to Participate in Barclays Global Financial Services Conference,/news/investor-relations-news/investor-relations-news-details/2023/American-Express-Vice-Chair-Douglas-E.-Buckminster-to-Participate-in-Barclays-Global-Financial-Services-Conference/default.aspx
2023-07-25,American Express Declares Dividend on Series D Preferred Stock,/news/investor-relations-news/investor-relations-news-details/2023/American-Express-Declares-Dividend-on-Series-D-Preferred-Stock/default.aspx
2023-07-21,"American Express Reports Record Revenue of $15.1 Billion, up 12% From the Prior Year, With Card Member Spending Reaching a Quarterly High",/news/investor-relations-news/investor-relations-news-details/2023/American-Express-Reports-Record-Revenue-of-15.1-Billion-up-12-From-the-Prior-Year-With-Card-Member-Spending-Reaching-a-Quarterly-High/default.aspx
2023-06-27,American Express Announces Retirement of Chief Financial Officer Jeffrey C. Campbell and Names Deputy Chief Financial Officer Christophe Le Caillec as Successor,/news/investor-relations-news/investor-relations-news-details/2023/American-Express-Announces-Retirement-of-Chief-Financial-Officer-Jeffrey-C.-Campbell-and-Names-Deputy-Chief-Financial-Officer-Christophe-Le-Caillec-as-Successor/default.aspx
2023-06-22,American Express Plans Live Audio Webcast of Second Quarter 2023 Earnings Conference Call,/news/investor-relations-news/investor-relations-news-details/2023/American-Express-Plans-Live-Audio-Webcast-of-Second-Quarter-2023-Earnings-Conference-Call/default.aspx
2023-05-17,American Express Chairman and CEO Stephen J. Squeri to Participate in Bernstein 39th Annual Strategic Decisions Conference,/news/investor-relations-news/investor-relations-news-details/2023/American-Express-Chairman-and-CEO-Stephen-J.-Squeri-to-Participate-in-Bernstein-39th-Annual-Strategic-Decisions-Conference/default.aspx
2023-05-03,American Express Declares Regular Quarterly Dividend And Dividend on Series D Preferred Stock,/news/investor-relations-news/investor-relations-news-details/2023/American-Express-Declares-Regular-Quarterly-Dividend-And-Dividend-on-Series-D-Preferred-Stock/default.aspx
2023-05-01,"American Express Vice Chair Douglas E. Buckminster to Participate in SVB MoffettNathanson Technology, Media, and Telecom Conference",/news/investor-relations-news/investor-relations-news-details/2023/American-Express-Vice-Chair-Douglas-E.-Buckminster-to-Participate-in-SVB-MoffettNathanson-Technology-Media-and-Telecom-Conference/default.aspx
2023-04-20,"American Express First-Quarter Revenue Increased 22% to Record $14.3 Billion, Driven Primarily by Strong Card Member Spending",/news/investor-relations-news/investor-relations-news-details/2023/American-Express-First-Quarter-Revenue-Increased-22-to-Record-14.3-Billion-Driven-Primarily-by-Strong-Card-Member-Spending/default.aspx
2023-03-22,American Express Plans Live Audio Webcast of First Quarter 2023 Earnings Conference Call,/news/investor-relations-news/investor-relations-news-details/2023/American-Express-Plans-Live-Audio-Webcast-of-First-Quarter-2023-Earnings-Conference-Call/default.aspx
2023-03-08,"American Express Board Authorizes Share Repurchase Plan, Announces 15 Percent Dividend Increase",/news/investor-relations-news/investor-relations-news-details/2023/American-Express-Board-Authorizes-Share-Repurchase-Plan-Announces-15-Percent-Dividend-Increase/default.aspx
2023-02-06,American Express Chief Financial Officer to Participate in Upcoming Investor Conferences,/news/investor-relations-news/investor-relations-news-details/2023/American-Express-Chief-Financial-Officer-to-Participate-in-Upcoming-Investor-Conferences/default.aspx
2023-01-27,American Express Delivers on 2022 Growth Plan With Full-Year Revenue Growth of 25% and Earnings Per Share of $9.85,/news/investor-relations-news/investor-relations-news-details/2023/American-Express-Delivers-on-2022-Growth-Plan-With-Full-Year-Revenue-Growth-of-25-and-Earnings-Per-Share-of-9.85/default.aspx
2023-01-12,American Express to Acquire B2B Payments Automation Company Nipendo,/news/investor-relations-news/investor-relations-news-details/2023/American-Express-to-Acquire-B2B-Payments-Automation-Company-Nipendo/default.aspx
2023-01-03,American Express Plans Live Audio Webcast of Fourth Quarter 2022 Earnings Conference Call,/news/investor-relations-news/investor-relations-news-details/2023/American-Express-Plans-Live-Audio-Webcast-of-Fourth-Quarter-2022-Earnings-Conference-Call/default.aspx
2022-12-08,American Express Elects Deborah P. Majoras to its Board of Directors,/news/investor-relations-news/investor-relations-news-details/2022/American-Express-Elects-Deborah-P.-Majoras-to-its-Board-of-Directors/default.aspx
2022-12-07,American Express Declares Regular Quarterly Dividend,/news/investor-relations-news/investor-relations-news-details/2022/American-Express-Declares-Regular-Quarterly-Dividend-bb7282ed9/default.aspx
2022-11-11,American Express CEO to Participate in Goldman Sachs U.S. Financial Services Conference,/news/investor-relations-news/investor-relations-news-details/2022/American-Express-CEO-to-Participate-in-Goldman-Sachs-U.S.-Financial-Services-Conference/default.aspx
2022-10-21,American Express Third-Quarter Revenue Increased 24% To $13.6 Billion,/news/investor-relations-news/investor-relations-news-details/2022/American-Express-Third-Quarter-Revenue-Increased-24-To-13.6-Billion/default.aspx
2022-10-06,American Express Elects Jay Clayton to Board of Directors,/news/investor-relations-news/investor-relations-news-details/2022/American-Express-Elects-Jay-Clayton-to-Board-of-Directors/default.aspx
2022-09-28,American Express Declares Regular Quarterly Dividend,/news/investor-relations-news/investor-relations-news-details/2022/American-Express-Declares-Regular-Quarterly-Dividend/default.aspx
2022-09-27,American Express Plans Live Audio Webcast of Third Quarter 2022 Earnings Conference Call,/news/investor-relations-news/investor-relations-news-details/2022/American-Express-Plans-Live-Audio-Webcast-of-Third-Quarter-2022-Earnings-Conference-Call/default.aspx
2022-08-16,American Express Chief Financial Officer to Participate in Barclays Global Financial Services Conference,/news/investor-relations-news/investor-relations-news-details/2022/American-Express-Chief-Financial-Officer-to-Participate-in-Barclays-Global-Financial-Services-Conference/default.aspx
2022-07-22,American Express Second-Quarter Revenue Increases 31% to $13.4 Billion,/news/investor-relations-news/investor-relations-news-details/2022/American-Express-Second-Quarter-Revenue-Increases-31-to-13.4-Billion/default.aspx
2022-06-23,American Express Plans Live Audio Webcast of Second Quarter 2022 Earnings Conference Call,/news/investor-relations-news/investor-relations-news-details/2022/American-Express-Plans-Live-Audio-Webcast-of-Second-Quarter-2022-Earnings-Conference-Call/default.aspx
2022-05-25,Organization Announcement – U.S. Consumer Services,/news/investor-relations-news/investor-relations-news-details/2022/Organization-Announcement--U-S--Consumer-Services/default.aspx
2022-05-25,Accelerating American Express’ International Momentum,/news/investor-relations-news/investor-relations-news-details/2022/Accelerating-American-Express-International-Momentum/default.aspx
2022-05-11,American Express Executives to Participate in Upcoming Investor Conferences,/news/investor-relations-news/investor-relations-news-details/2022/American-Express-Executives-to-Participate-in-Upcoming-Investor-Conferences/default.aspx
2022-05-04,American Express Declares Regular Quarterly Dividend and Dividend on Series D Preferred Stock,/news/investor-relations-news/investor-relations-news-details/2022/American-Express-Declares-Regular-Quarterly-Dividend-and-Dividend-on-Series-D-Preferred-Stock/default.aspx
2022-04-25,"American Express Global Consumer Services Group President to Participate in MoffettNathanson Payments, Processors, and IT Services Summit",/news/investor-relations-news/investor-relations-news-details/2022/American-Express-Global-Consumer-Services-Group-President-to-Participate-in-MoffettNathanson-Payments-Processors-and-IT-Services-Summit/default.aspx
2022-04-22,"American Express First-Quarter Revenue Increases 29% to $11.7 Billion, Driven by Strong Card Member Spending Globally",/news/investor-relations-news/investor-relations-news-details/2022/American-Express-First-Quarter-Revenue-Increases-29-to-11.7-Billion-Driven-by-Strong-Card-Member-Spending-Globally/default.aspx
2022-03-22,American Express Plans Live Audio Webcast of First Quarter 2022 Earnings Conference Call,/news/investor-relations-news/investor-relations-news-details/2022/American-Express-Plans-Live-Audio-Webcast-of-First-Quarter-2022-Earnings-Conference-Call/default.aspx
2022-03-10,American Express Board Authorizes 20 Percent Dividend Increase,/news/investor-relations-news/investor-relations-news-details/2022/American-Express-Board-Authorizes-20-Percent-Dividend-Increase/default.aspx
2022-02-04,American Express Chief Financial Officer to Participate in KBW Fintech Payments Conference,/news/investor-relations-news/investor-relations-news-details/2022/American-Express-Chief-Financial-Officer-to-Participate-in-KBW-Fintech-Payments-Conference/default.aspx
2022-01-27,American Express Declares Dividend on Series D Preferred Stock,/news/investor-relations-news/investor-relations-news-details/2022/American-Express-Declares-Dividend-on-Series-D-Preferred-Stock/default.aspx
2022-01-25,"American Express Fourth-Quarter Revenue Increases 30% to $12.1 Billion, Driven By Record Card Member Spending",/news/investor-relations-news/investor-relations-news-details/2022/American-Express-Fourth-Quarter-Revenue-Increases-30-to-12.1-Billion-Driven-By-Record-Card-Member-Spending/default.aspx
2022-01-24,American Express to Hold 2022 Investor Day,/news/investor-relations-news/investor-relations-news-details/2022/American-Express-to-Hold-2022-Investor-Day/default.aspx
2021-12-15,American Express Plans Live Audio Webcast of Fourth Quarter 2021 Earnings Conference Call,/news/investor-relations-news/investor-relations-news-details/2021/American-Express-Plans-Live-Audio-Webcast-of-Fourth-Quarter-2021-Earnings-Conference-Call/default.aspx
2021-12-08,American Express Declares Regular Quarterly Dividend,/news/investor-relations-news/investor-relations-news-details/2021/American-Express-Declares-Regular-Quarterly-Dividend-20dbfea73/default.aspx
2021-12-02,American Express Chairman and CEO Stephen J. Squeri to Participate in Delta Air Lines’ Capital Markets Day,/news/investor-relations-news/investor-relations-news-details/2021/American-Express-Chairman-and-CEO-Stephen-J.-Squeri-to-Participate-in-Delta-Air-Lines-Capital-Markets-Day/default.aspx
2021-10-28,American Express Executives to Participate in Upcoming Investor Conferences,/news/investor-relations-news/investor-relations-news-details/2021/American-Express-Executives-to-Participate-in-Upcoming-Investor-Conferences-b11af1681/default.aspx
2021-10-22,American Express Reports Third-Quarter Revenue of $10.9 Billion and Earnings Per Share Of $2.27,/news/investor-relations-news/investor-relations-news-details/2021/American-Express-Reports-Third-Quarter-Revenue-of-10.9-Billion-and-Earnings-Per-Share-Of-2.27/default.aspx
2021-10-14,American Express Declares Dividends on Series B and Series D Preferred Stock,/news/investor-relations-news/investor-relations-news-details/2021/American-Express-Declares-Dividends-on-Series-B-and-Series-D-Preferred-Stock/default.aspx
2021-09-28,American Express Declares Regular Quarterly Dividend,/news/investor-relations-news/investor-relations-news-details/2021/American-Express-Declares-Regular-Quarterly-Dividend-213b2f72f/default.aspx
2021-09-22,American Express Plans Live Audio Webcast of Third Quarter 2021 Earnings Conference Call,/news/investor-relations-news/investor-relations-news-details/2021/American-Express-Plans-Live-Audio-Webcast-of-Third-Quarter-2021-Earnings-Conference-Call/default.aspx
2021-08-17,American Express Declares Dividend on Series D Preferred Stock,/news/investor-relations-news/investor-relations-news-details/2021/American-Express-Declares-Dividend-on-Series-D-Preferred-Stock/default.aspx
2021-08-06,American Express Executives to Participate in Upcoming Investor Conferences,/news/investor-relations-news/investor-relations-news-details/2021/American-Express-Executives-to-Participate-in-Upcoming-Investor-Conferences-ab31511a8/default.aspx
2021-07-23,American Express Reports Second-Quarter Revenue of $10.2 Billion and Earnings Per Share of $2.80,/news/investor-relations-news/investor-relations-news-details/2021/American-Express-Reports-Second-Quarter-Revenue-of-10.2-Billion-and-Earnings-Per-Share-of-2.80/default.aspx
2021-07-21,American Express Declares Dividends on Series B and C Preferred Stock,/news/investor-relations-news/investor-relations-news-details/2021/American-Express-Declares-Dividends-on-Series-B-and-C-Preferred-Stock/default.aspx
2021-06-21,American Express Plans Live Audio Webcast of Second Quarter 2021 Earnings Conference Call,/news/investor-relations-news/investor-relations-news-details/2021/American-Express-Plans-Live-Audio-Webcast-of-Second-Quarter-2021-Earnings-Conference-Call/default.aspx
2021-05-25,American Express Executives to Participate in Upcoming Investor Conferences,/news/investor-relations-news/investor-relations-news-details/2021/American-Express-Executives-to-Participate-in-Upcoming-Investor-Conferences/default.aspx
2021-05-04,"American Express Global Commercial Services Group President to Participate in MoffettNathanson Payments, Processors, and IT Services Summit",/news/investor-relations-news/investor-relations-news-details/2021/American-Express-Global-Commercial-Services-Group-President-to-Participate-in-MoffettNathanson-Payments-Processors-and-IT-Services-Summit/default.aspx
2021-04-28,Organization Announcement: American Express,/news/investor-relations-news/investor-relations-news-details/2021/Organization-Announcement-American-Express/default.aspx
2021-04-27,American Express Declares Dividends on Series B and Series C Preferred Stock,/news/investor-relations-news/investor-relations-news-details/2021/American-Express-Declares-Dividends-on-Series-B-and-Series-C-Preferred-Stock-ec9411643/default.aspx
2021-04-23,American Express Reports First-Quarter Revenue of $9.1 Billion and Earnings Per Share of $2.74,/news/investor-relations-news/investor-relations-news-details/2021/American-Express-Reports-First-Quarter-Revenue-of-9.1-Billion-and-Earnings-Per-Share-of-2.74/default.aspx
2021-03-24,American Express Plans Live Audio Webcast of First Quarter 2021 Earnings Conference Call,/news/investor-relations-news/investor-relations-news-details/2021/American-Express-Plans-Live-Audio-Webcast-of-First-Quarter-2021-Earnings-Conference-Call/default.aspx
2021-03-09,American Express Elects Lisa W. Wardell to Board of Directors,/news/investor-relations-news/investor-relations-news-details/2021/American-Express-Elects-Lisa-W.-Wardell-to-Board-of-Directors/default.aspx
2021-02-19,American Express and Hilton CEOs to Participate in Joint Conversation at Citi Virtual Global Property CEO Conference,/news/investor-relations-news/investor-relations-news-details/2021/American-Express-and-Hilton-CEOs-to-Participate-in-Joint-Conversation-at-Citi-Virtual-Global-Property-CEO-Conference/default.aspx
2021-02-08,American Express Chief Financial Officer to Participate in KBW Fintech Payments Conference,/news/investor-relations-news/investor-relations-news-details/2021/American-Express-Chief-Financial-Officer-to-Participate-in-KBW-Fintech-Payments-Conference/default.aspx
2021-01-27,American Express Elects Thomas Baltimore to Board of Directors,/news/investor-relations-news/investor-relations-news-details/2021/American-Express-Elects-Thomas-Baltimore-to-Board-of-Directors/default.aspx
2021-01-27,American Express Declares Dividends on Series B and Series C Preferred Stock,/news/investor-relations-news/investor-relations-news-details/2021/American-Express-Declares-Dividends-on-Series-B-and-Series-C-Preferred-Stock/default.aspx
2021-01-26,American Express Reports Fourth-Quarter Revenue of $9.4 Billion and Earnings Per Share Of $1.76,/news/investor-relations-news/investor-relations-news-details/2021/American-Express-Reports-Fourth-Quarter-Revenue-of-9.4-Billion-and-Earnings-Per-Share-Of-1.76/default.aspx
2020-12-17,American Express Plans Live Audio Webcast of the Fourth Quarter 2020 Earnings Conference Call,/news/investor-relations-news/investor-relations-news-details/2020/American-Express-Plans-Live-Audio-Webcast-of-the-Fourth-Quarter-2020-Earnings-Conference-Call/default.aspx
2020-12-10,American Express Declares Regular Quarterly Dividend,/news/investor-relations-news/investor-relations-news-details/2020/American-Express-Declares-Regular-Quarterly-Dividend-753dd3295/default.aspx
2020-11-17,American Express Chief Executive Officer to Participate in Goldman Sachs U.S. Financial Services Conference,/news/investor-relations-news/investor-relations-news-details/2020/American-Express-Chief-Executive-Officer-to-Participate-in-Goldman-Sachs-U.S.-Financial-Services-Conference/default.aspx
2020-10-29,American Express CFO to Participate in Bank of America Securities Future of Financials Virtual Conference,/news/investor-relations-news/investor-relations-news-details/2020/American-Express-CFO-to-Participate-in-Bank-of-America-Securities-Future-of-Financials-Virtual-Conference/default.aspx
2020-10-26,American Express Elects Charles Phillips to Board of Directors,/news/investor-relations-news/investor-relations-news-details/2020/American-Express-Elects-Charles-Phillips-to-Board-of-Directors/default.aspx
2020-10-23,American Express Reports Third-Quarter Revenue of $8.8 Billion and Earnings Per Share Of $1.30,/news/investor-relations-news/investor-relations-news-details/2020/American-Express-Reports-Third-Quarter-Revenue-of-8.8-Billion-and-Earnings-Per-Share-Of-1.30/default.aspx
2020-10-19,American Express Declares Dividends on Series B and Series C Preferred Stock,/news/investor-relations-news/investor-relations-news-details/2020/American-Express-Declares-Dividends-on-Series-B-and-Series-C-Preferred-Stock/default.aspx
2020-10-13,American Express to Host Ninth Annual “Business Class LIVE: Summit for Success” for Small Businesses,/news/investor-relations-news/investor-relations-news-details/2020/American-Express-to-Host-Ninth-Annual-Business-Class-LIVE-Summit-for-Success-for-Small-Businesses/default.aspx
2020-09-29,American Express Declares Regular Quarterly Dividend,/news/investor-relations-news/investor-relations-news-details/2020/American-Express-Declares-Regular-Quarterly-Dividend/default.aspx
2020-09-22,American Express Plans Live Audio Webcast Of Third-Quarter 2020 Earnings Conference Call,/news/investor-relations-news/investor-relations-news-details/2020/American-Express-Plans-Live-Audio-Webcast-Of-Third-Quarter-2020-Earnings-Conference-Call/default.aspx
2020-09-10,"American Express Names Colleen Taylor, President, Merchant Services – U.S.",/news/investor-relations-news/investor-relations-news-details/2020/American-Express-Names-Colleen-Taylor-President-Merchant-Services--U.S/default.aspx
2020-08-26,American Express Executives to Participate in Upcoming Investor Conferences,/news/investor-relations-news/investor-relations-news-details/2020/American-Express-Executives-to-Participate-in-Upcoming-Investor-Conferences/default.aspx
2020-08-17,American Express to Acquire Kabbage,/news/investor-relations-news/investor-relations-news-details/2020/American-Express-to-Acquire-Kabbage/default.aspx
2020-07-24,American Express Reports Second-Quarter Revenue of $7.7 Billion and Earnings Per Share of $0.29,/news/investor-relations-news/investor-relations-news-details/2020/American-Express-Reports-Second-Quarter-Revenue-of-7.7-Billion-and-Earnings-Per-Share-of-0.29/default.aspx
2020-06-22,American Express Plans Live Audio Webcast of the Second Quarter 2020 Earnings Conference Call,/news/investor-relations-news/investor-relations-news-details/2020/American-Express-Plans-Live-Audio-Webcast-of-the-Second-Quarter-2020-Earnings-Conference-Call/default.aspx
2020-06-18,American Express Names New Executive Committee Members,/news/investor-relations-news/investor-relations-news-details/2020/American-Express-Names-New-Executive-Committee-Members/default.aspx
2020-04-14,American Express Declares Dividend on Series B and Series C Preferred Stock,/news/investor-relations-news/investor-relations-news-details/2020/American-Express-Declares-Dividend-on-Series-B-and-Series-C-Preferred-Stock/default.aspx
2020-03-23,American Express Plans Live Audio Webcast of the First Quarter 2020 Earnings Conference Call,/news/investor-relations-news/investor-relations-news-details/2020/American-Express-Plans-Live-Audio-Webcast-of-the-First-Quarter-2020-Earnings-Conference-Call/default.aspx
2020-03-11,American Express to Webcast an Investor Update Call on March 17,/news/investor-relations-news/investor-relations-news-details/2020/American-Express-to-Webcast-an-Investor-Update-Call-on-March-17/default.aspx
2020-03-09,American Express Declares Regular Quarterly Dividend,/news/investor-relations-news/investor-relations-news-details/2020/American-Express-Declares-Regular-Quarterly-Dividend1/default.aspx
2020-02-19,American Express Chief Financial Officer to Participate in KBW Fintech Payments Conference,/news/investor-relations-news/investor-relations-news-details/2020/American-Express-Chief-Financial-Officer-to-Participate-in-KBW-Fintech-Payments-Conference/default.aspx
2020-02-07,"Jessica Lieberman Quinn Appointed Executive Vice President, Corporate Controller and Principal Accounting Officer of American Express",/news/investor-relations-news/investor-relations-news-details/2020/Jessica-Lieberman-Quinn-Appointed-Executive-Vice-President-Corporate-Controller-and-Principal-Accounting-Officer-of-American-Express/default.aspx
2020-01-29,American Express Elects Karen Parkhill to Its Board of Directors,/news/investor-relations-news/investor-relations-news-details/2020/American-Express-Elects-Karen-Parkhill-to-Its-Board-of-Directors/default.aspx
2020-01-29,American Express Declares Dividend on Series B and Series C Preferred Stock,/news/investor-relations-news/investor-relations-news-details/2020/American-Express-Declares-Dividend-on-Series-B-and-Series-C-Preferred-Stock1/default.aspx
2020-01-24,American Express Reports Fourth-Quarter Earnings Per Share of $2.03 and Full-Year EPS of $7.99; Adjusted Full-Year EPS of $8.201,/news/investor-relations-news/investor-relations-news-details/2020/American-Express-Reports-Fourth-Quarter-Earnings-Per-Share-of-2.03-and-Full-Year-EPS-of-7.99-Adjusted-Full-Year-EPS-of-8.201/default.aspx
2020-01-21,American Express Plans Live Audio Webcast of Annual Investor Day,/news/investor-relations-news/investor-relations-news-details/2020/American-Express-Plans-Live-Audio-Webcast-of-Annual-Investor-Day/default.aspx
2019-12-16,American Express Plans Live Audio Webcast of the Fourth Quarter 2019 Earnings Conference Call,/news/investor-relations-news/investor-relations-news-details/2019/American-Express-Plans-Live-Audio-Webcast-of-the-Fourth-Quarter-2019-Earnings-Conference-Call/default.aspx
2019-12-12,American Express Declares Regular Quarterly Dividend,/news/investor-relations-news/investor-relations-news-details/2019/American-Express-Declares-Regular-Quarterly-Dividend/default.aspx
2019-11-18,American Express Chief Executive Officer to Participate in the Goldman Sachs U.S. Financial Services Conference,/news/investor-relations-news/investor-relations-news-details/2019/American-Express-Chief-Executive-Officer-to-Participate-in-the-Goldman-Sachs-U.S.-Financial-Services-Conference/default.aspx
2019-10-24,American Express Executive to Participate in the Bank of America Future of Financials Conference,/news/investor-relations-news/investor-relations-news-details/2019/American-Express-Executive-to-Participate-in-the-Bank-of-America-Future-of-Financials-Conference/default.aspx
2019-10-18,American Express Reports Third-Quarter Earnings Per Share of $2.08,/news/investor-relations-news/investor-relations-news-details/2019/American-Express-Reports-Third-Quarter-Earnings-Per-Share-of-2.08/default.aspx
2019-09-23,"American Express Board Authorizes Repurchase of up to 120 Million Shares, Announces 10 Percent Dividend Increase",/news/investor-relations-news/investor-relations-news-details/2019/American-Express-Board-Authorizes-Repurchase-of-up-to-120-Million-Shares-Announces-10-Percent-Dividend-Increase/default.aspx
2019-09-18,American Express Plans Live Audio Webcast of the Third Quarter 2019 Earnings Conference Call,/news/investor-relations-news/investor-relations-news-details/2019/American-Express-Plans-Live-Audio-Webcast-of-the-Third-Quarter-2019-Earnings-Conference-Call/default.aspx
2019-08-22,American Express Executives to Participate in Upcoming Conferences,/news/investor-relations-news/investor-relations-news-details/2019/American-Express-Executives-to-Participate-in-Upcoming-Conferences/default.aspx
2019-07-31,American Express Expands Suite of Global Business Payment Capabilities Through Acquisition of acompay,/news/investor-relations-news/investor-relations-news-details/2019/American-Express-Expands-Suite-of-Global-Business-Payment-Capabilities-Through-Acquisition-of-acompay/default.aspx
2019-07-24,American Express Declares Dividend on Series C Preferred Stock,/news/investor-relations-news/investor-relations-news-details/2019/American-Express-Declares-Dividend-on-Series-C-Preferred-Stock1/default.aspx
2019-07-19,American Express Reports Second-Quarter Earnings Per Share Of $2.07,/news/investor-relations-news/investor-relations-news-details/2019/American-Express-Reports-Second-Quarter-Earnings-Per-Share-Of-2.07/default.aspx
2019-06-19,American Express Plans Live Audio Webcast of the Second Quarter 2019 Earnings Conference Call,/news/investor-relations-news/investor-relations-news-details/2019/American-Express-Plans-Live-Audio-Webcast-of-the-Second-Quarter-2019-Earnings-Conference-Call/default.aspx
2019-05-15,"American Express Chief Executive Officer to Participate in the MoffettNathanson Inaugural Payments, Processors, and IT Services Summit",/news/investor-relations-news/investor-relations-news-details/2019/American-Express-Chief-Executive-Officer-to-Participate-in-the-MoffettNathanson-Inaugural-Payments-Processors-and-IT-Services-Summit/default.aspx
2019-05-15,"American Express Aims to Expand Digital Dining, Access & Experiences with Acquisition of Resy Reservation Platform",/news/investor-relations-news/investor-relations-news-details/2019/American-Express-Aims-to-Expand-Digital-Dining-Access--Experiences-with-Acquisition-of-Resy-Reservation-Platform/default.aspx
2019-05-08,American Express Declares Regular Quarterly Dividend,/news/investor-relations-news/investor-relations-news-details/2019/American-Express-Declares-Regular-Quarterly-Dividend19/default.aspx
2019-04-23,American Express Declares Dividend on Series B Preferred Stock,/news/investor-relations-news/investor-relations-news-details/2019/American-Express-Declares-Dividend-on-Series-B-Preferred-Stock/default.aspx
2019-04-18,"American Express Reports First-Quarter Earnings Per Share of $1.80, Adjusted EPS of $2.01(1)",/news/investor-relations-news/investor-relations-news-details/2019/American-Express-Reports-First-Quarter-Earnings-Per-Share-of-1.80-Adjusted-EPS-of-2.011/default.aspx
2019-03-27,American Express Updates Time for Live Audio Webcast of the First Quarter 2019 Earnings Conference Call and Announces Webcast for Annual Meeting of Shareholders,/news/investor-relations-news/investor-relations-news-details/2019/American-Express-Updates-Time-for-Live-Audio-Webcast-of-the-First-Quarter-2019-Earnings-Conference-Call-and-Announces-Webcast-for-Annual-Meeting-of-Shareholders/default.aspx
2019-03-19,American Express Plans Live Audio Webcast of the First Quarter 2019 Earnings Conference Call,/news/investor-relations-news/investor-relations-news-details/2019/American-Express-Plans-Live-Audio-Webcast-of-the-First-Quarter-2019-Earnings-Conference-Call/default.aspx
2019-03-11,American Express Declares Regular Quarterly Dividend,/news/investor-relations-news/investor-relations-news-details/2019/American-Express-Declares-Regular-Quarterly-Dividend2019/default.aspx
2019-03-11,American Express To Acquire LoungeBuddy,/news/investor-relations-news/investor-relations-news-details/2019/American-Express-To-Acquire-LoungeBuddy/default.aspx
2019-02-27,Organization Announcement: American Express,/news/investor-relations-news/investor-relations-news-details/2019/Organization-Announcement-American-Express1/default.aspx
2019-02-14,"American Express Chief Financial Officer to Participate in KBW Cards, Payments & Financial Technology Symposium",/news/investor-relations-news/investor-relations-news-details/2019/American-Express-Chief-Financial-Officer-to-Participate-in-KBW-Cards-Payments--Financial-Technology-Symposium/default.aspx
2019-01-23,American Express Declares Dividend on Series C Preferred Stock,/news/investor-relations-news/investor-relations-news-details/2019/American-Express-Declares-Dividend-on-Series-C-Preferred-Stock/default.aspx
2019-01-22,American Express Plans Live Audio Webcast of Annual Investor Day,/news/investor-relations-news/investor-relations-news-details/2019/American-Express-Plans-Live-Audio-Webcast-of-Annual-Investor-Day/default.aspx
2019-01-17,American Express Reports Fourth Quarter Earnings Per Share of $2.32 and Full Year EPS of $7.91,/news/investor-relations-news/investor-relations-news-details/2019/American-Express-Reports-Fourth-Quarter-Earnings-Per-Share-of-2.32-and-Full-Year-EPS-of-7.91/default.aspx
2018-12-19,American Express Plans Live Audio Webcast of the Fourth Quarter 2018 Earnings Conference Call,/news/investor-relations-news/investor-relations-news-details/2018/American-Express-Plans-Live-Audio-Webcast-of-the-Fourth-Quarter-2018-Earnings-Conference-Call/default.aspx
2018-11-27,American Express Declares Regular Quarterly Dividend,/news/investor-relations-news/investor-relations-news-details/2018/American-Express-Declares-Regular-Quarterly-Dividend/default.aspx
2018-10-23,American Express Declares Dividend on Series B Preferred Stock,/news/investor-relations-news/investor-relations-news-details/2018/American-Express-Declares-Dividend-on-Series-B-Preferred-Stock/default.aspx
2018-10-18,American Express Reports Third-Quarter EPS of $1.88,/news/investor-relations-news/investor-relations-news-details/2018/American-Express-Reports-Third-Quarter-EPS-of-1.88/default.aspx
2018-10-09,Organization Announcement: American Express,/news/investor-relations-news/investor-relations-news-details/2018/Organization-Announcement-American-Express/default.aspx
2018-10-09,American Express Chief Financial Officer to Participate in the Bank of America Future of Financials Conference,/news/investor-relations-news/investor-relations-news-details/2018/American-Express-Chief-Financial-Officer-to-Participate-in-the-Bank-of-America-Future-of-Financials-Conference/default.aspx
2018-09-25,American Express Board Authorizes 11 Percent Dividend Increase,/news/investor-relations-news/investor-relations-news-details/2018/American-Express-Board-Authorizes-11-Percent-Dividend-Increase/default.aspx
2018-09-20,American Express Plans Live Audio Webcast of the Third Quarter 2018 Earnings Conference Call,/news/investor-relations-news/investor-relations-news-details/2018/American-Express-Plans-Live-Audio-Webcast-of-the-Third-Quarter-2018-Earnings-Conference-Call/default.aspx
2018-09-05,American Express Executives to Participate in Upcoming Conferences,/news/investor-relations-news/investor-relations-news-details/2018/American-Express-Executives-to-Participate-in-Upcoming-Conferences/default.aspx
2018-07-23,American Express Declares Dividend on Series C Preferred Stock,/news/investor-relations-news/investor-relations-news-details/2018/American-Express-Declares-Dividend-on-Series-C-Preferred-Stock/default.aspx
2018-07-18,American Express Reports Second-Quarter EPS of $1.84,/news/investor-relations-news/investor-relations-news-details/2018/American-Express-Reports-Second-Quarter-EPS-of-1.84/default.aspx
2018-06-28,American Express Plans to Increase Quarterly Dividend by 11 Percent and Buy Back up to $3.4 Billion of Common Shares Through Q2 2019,/news/investor-relations-news/investor-relations-news-details/2018/American-Express-Plans-to-Increase-Quarterly-Dividend-by-11-Percent-and-Buy-Back-up-to-3.4-Billion-of-Common-Shares-Through-Q2-2019/default.aspx
2018-06-20,American Express Plans Live Audio Webcast of the Second Quarter 2018 Earnings Conference Call,/news/investor-relations-news/investor-relations-news-details/2018/American-Express-Plans-Live-Audio-Webcast-of-the-Second-Quarter-2018-Earnings-Conference-Call/default.aspx
2018-05-08,American Express Declares Regular Quarterly Dividend,/news/investor-relations-news/investor-relations-news-details/2018/American-Express--Declares-Regular-Quarterly-Dividend/default.aspx
2018-04-24,American Express Declares Dividend on Series B Preferred Stock,/news/investor-relations-news/investor-relations-news-details/2018/American-Express-Declares-Dividend-on-Series-B--Preferred-Stock/default.aspx
2018-04-18,American Express Reports First-Quarter EPS of $1.86,/news/investor-relations-news/investor-relations-news-details/2018/American-Express-Reports-First-Quarter-EPS-of-1.86/default.aspx
2018-03-21,Organization Announcement – Commercial Services,/news/investor-relations-news/investor-relations-news-details/2018/Organization-Announcement--Commercial-Services/default.aspx
2018-03-13,American Express Declares Regular Quarterly Dividend,/news/investor-relations-news/investor-relations-news-details/2018/American-Express-Declares--Regular-Quarterly-Dividend/default.aspx
2018-02-08,"American Express Chief Financial Officer to Participate in KBW Cards, Payments & Financial Technology Symposium",/news/investor-relations-news/investor-relations-news-details/2018/American-Express-Chief-Financial-Officer-to-Participate-in-KBW-Cards-Payments--Financial-Technology-Symposium/default.aspx
2018-01-23,American Express Declares Dividend on Series C Preferred Stock,/news/investor-relations-news/investor-relations-news-details/2018/American-Express-Declares-Dividend-on-Series-C--Preferred-Stock/default.aspx
2018-01-18,American Express Reports Quarterly Revenues Up 10 Percent with Record Card Member Spending,/news/investor-relations-news/investor-relations-news-details/2018/American-Express-Reports-Quarterly-Revenues-Up-10-Percent-with-Record-Card-Member-Spending/default.aspx
