date,title,document
"May 07, 2026",Q1 2026 Pillar 3 Disclosure,https://s26.q4cdn.com/747928648/files/doc_downloads/pillar_disclosures/2026/Q1-2026-Basel-III-Pillar-3-Disclosure_Revised-Final_05042026.pdf
"Feb 13, 2026",Q4 2025 Pillar 3 Disclosure,https://s26.q4cdn.com/747928648/files/doc_downloads/pillar_disclosures/2025/Q4-25-Basel-III-Pillar-3-Disclosure_Final_v02102026.pdf
"Nov 06, 2025",Q3 2025 Pillar 3 Disclosure,https://s26.q4cdn.com/747928648/files/doc_downloads/2025/11/Q3-2025-Basel-III-Pillar-3-Disclosure_Final_v11052025.pdf
"Aug 08, 2025",Q2 2025 Pillar 3 Disclosure,https://s26.q4cdn.com/747928648/files/doc_downloads/2025/08/Q2-2025-Basel-III-Pillar-3-Disclosure_Final_08052025.pdf
"May 09, 2025",Q1 2025 Pillar 3 Disclosure,https://s26.q4cdn.com/747928648/files/doc_downloads/2025/05/09/Q1-2025-Basel-III-Pillar-3-Disclosure.pdf
"Feb 14, 2025",Q4 2024 Pillar 3 Disclosure,https://s26.q4cdn.com/747928648/files/doc_downloads/pillar_disclosures/2024/Q4-2024-Pillar-3-Disclosure.pdf
"Nov 07, 2024",Q3 2024 Pillar 3 Disclosure,https://s26.q4cdn.com/747928648/files/doc_downloads/pillar_disclosures/2024/Q3-2024-Basel-III-Pillar-3-Disclosure.pdf
"Aug 08, 2024",Q2 2024 Pillar 3 Disclosure,https://s26.q4cdn.com/747928648/files/doc_downloads/pillar_disclosures/2024/q2-2024-basel-iii-pillar-3-disclosure.pdf
"May 09, 2024",Q1 2024 Pillar 3 Disclosure,https://s26.q4cdn.com/747928648/files/doc_downloads/pillar_disclosures/2024/Q1-2024-Pillar-3-Disclosure.pdf
"Feb 09, 2024",Q4 2023 Pillar 3 Disclosure,https://s26.q4cdn.com/747928648/files/doc_downloads/pillar_disclosures/2023/Q4-2023-Basel-III-Pillar-3-Disclosure.pdf
"Nov 10, 2023",Q3 2023 Pillar 3 Disclosure,https://s26.q4cdn.com/747928648/files/doc_downloads/pillar_disclosures/2023/Q3-2023-Basel-III-Pillar-3-Disclosure.pdf
"Aug 07, 2023",Q2 2023 Pillar 3 Disclosure,https://s26.q4cdn.com/747928648/files/doc_downloads/pillar_disclosures/2023/Q2-2023-Basel-III-Pillar-3-Disclosure.pdf
