date,type,description,company,document
2026-05-15,8-K,Current Report,American Express Company,https://www.sec.gov/Archives/edgar/data/4962/000000496226000249/
2026-05-07,8-K,Current Report,American Express Company,https://www.sec.gov/Archives/edgar/data/4962/000000496226000231/
2026-05-04,8-K,Current Report,American Express Company,https://www.sec.gov/Archives/edgar/data/4962/000000496226000203/
2026-05-04,8-K,Current Report,American Express Company,https://www.sec.gov/Archives/edgar/data/4962/000000496226000207/
2026-04-23,8-K,Current Report,American Express Company,https://www.sec.gov/Archives/edgar/data/4962/000000496226000188/
2026-04-23,10-Q,Quarterly Report - Q1 2026,American Express Company,https://www.sec.gov/Archives/edgar/data/4962/000000496226000192/
2026-04-15,8-K,Current Report,American Express Company,https://www.sec.gov/Archives/edgar/data/4962/000000496226000148/
2026-03-16,8-K,Current Report,American Express Company,https://www.sec.gov/Archives/edgar/data/4962/000000496226000121/
2026-03-02,8-K,Current Report,American Express Company,https://www.sec.gov/Archives/edgar/data/4962/000000496226000112/
2026-02-25,8-K,Current Report,American Express Company,https://www.sec.gov/Archives/edgar/data/4962/000000496226000107/
2026-02-17,8-K,Current Report,American Express Company,https://www.sec.gov/Archives/edgar/data/4962/000000496226000102/
2026-02-10,8-K,Current Report,American Express Company,https://www.sec.gov/Archives/edgar/data/4962/000000496226000094/
2026-02-06,10-K,Annual Report for FY 2025,American Express Company,https://www.sec.gov/Archives/edgar/data/4962/000000496226000080/
2026-01-30,8-K,Current Report,American Express Company,https://www.sec.gov/Archives/edgar/data/4962/000000496226000037/
2026-01-15,8-K,Current Report,American Express Company,https://www.sec.gov/Archives/edgar/data/4962/000000496226000028/
2025-12-15,8-K,Current Report,American Express Company,https://www.sec.gov/Archives/edgar/data/4962/000000496225000265/
2025-11-17,8-K,Current Report,American Express Company,https://www.sec.gov/Archives/edgar/data/4962/000000496225000259/
2025-10-24,8-K,Current Report,American Express Company,https://www.sec.gov/Archives/edgar/data/4962/000000496225000231/
2025-10-17,8-K,Current Report,American Express Company,https://www.sec.gov/Archives/edgar/data/4962/000000496225000218/
2025-10-17,10-Q,Quarterly Report - Q3 2025,American Express Company,https://www.sec.gov/Archives/edgar/data/4962/000000496225000222/
2025-10-15,8-K,Current Report,American Express Company,https://www.sec.gov/Archives/edgar/data/4962/000000496225000210/
2025-09-29,8-K,Current Report,American Express Company,https://www.sec.gov/Archives/edgar/data/4962/000000496225000177/
2025-09-15,8-K,Current Report,American Express Company,https://www.sec.gov/Archives/edgar/data/4962/000000496225000172/
2025-08-15,8-K,Current Report,American Express Company,https://www.sec.gov/Archives/edgar/data/4962/000000496225000157/
2025-07-25,8-K,Current Report,American Express Company,https://www.sec.gov/Archives/edgar/data/4962/000000496225000128/
2025-07-23,8-K,Current Report,American Express Company,https://www.sec.gov/Archives/edgar/data/4962/000000496225000113/
2025-07-18,10-Q,Quarterly Report - Q2 2025,American Express Company,https://www.sec.gov/Archives/edgar/data/4962/000000496225000083/
2025-07-18,8-K,Current Report,American Express Company,https://www.sec.gov/Archives/edgar/data/4962/000000496225000082/
2025-07-15,8-K,Current Report,American Express Company,https://www.sec.gov/Archives/edgar/data/4962/000000496225000078/
2025-07-01,8-K,Current Report,American Express Company,https://www.sec.gov/Archives/edgar/data/4962/000000496225000073/
2025-06-16,8-K,Current Report,American Express Company,https://www.sec.gov/Archives/edgar/data/4962/000000496225000068/
2025-05-20,8-K,Current Report,American Express Company,https://www.sec.gov/Archives/edgar/data/4962/000000496225000063/
2025-05-15,8-K,Current Report,American Express Company,https://www.sec.gov/Archives/edgar/data/4962/000000496225000060/
2025-05-01,8-K,Current Report,American Express Company,https://www.sec.gov/Archives/edgar/data/4962/000000496225000050/
2025-04-25,8-K,Current Report,American Express Company,https://www.sec.gov/Archives/edgar/data/4962/000000496225000048/
2025-04-18,10-Q,Quarterly Report - Q1 2025,American Express Company,https://www.sec.gov/Archives/edgar/data/4962/000000496225000045/
2025-04-17,8-K,Current Report,American Express Company,https://www.sec.gov/Archives/edgar/data/4962/000000496225000034/
2025-04-15,8-K,Current Report,American Express Company,https://www.sec.gov/Archives/edgar/data/4962/000000496225000030/
2025-03-17,8-K,Current Report,American Express Company,https://www.sec.gov/Archives/edgar/data/4962/000000496225000024/
2025-03-03,8-K,Current Report,American Express Company,https://www.sec.gov/Archives/edgar/data/4962/000000496225000022/
2025-02-18,8-K,Current Report,American Express Company,https://www.sec.gov/Archives/edgar/data/4962/000000496225000020/
2025-02-07,10-K,Annual Report for FY 2024,American Express Company,https://www.sec.gov/Archives/edgar/data/4962/000000496225000016/
2025-01-30,8-K,Current Report,American Express Company,https://www.sec.gov/Archives/edgar/data/4962/000000496225000010/
2025-01-30,8-K,Current Report,American Express Company,https://www.sec.gov/Archives/edgar/data/4962/000000496225000011/
2025-01-24,8-K,Current Report,American Express Company,https://www.sec.gov/Archives/edgar/data/4962/000000496225000007/
2025-01-16,8-K,Current Report,American Express Company,https://www.sec.gov/Archives/edgar/data/4962/000000496225000005/
2025-01-15,8-K,Current Report,American Express Company,https://www.sec.gov/Archives/edgar/data/4962/000000496225000002/
2024-12-16,8-K,Current Report,American Express Company,https://www.sec.gov/Archives/edgar/data/4962/000000496224000074/
2024-11-15,8-K,Current Report,American Express Company,https://www.sec.gov/Archives/edgar/data/4962/000000496224000072/
2024-10-18,10-Q,Quarterly Report - Q3 2024,American Express Company,https://www.sec.gov/Archives/edgar/data/4962/000000496224000068/
2024-10-18,8-K,Current Report,American Express Company,https://www.sec.gov/Archives/edgar/data/4962/000000496224000067/
2024-10-15,8-K,Current Report,American Express Company,https://www.sec.gov/Archives/edgar/data/4962/000000496224000065/
2024-09-27,8-K,Current Report,American Express Company,https://www.sec.gov/Archives/edgar/data/4962/000000496224000063/
2024-09-16,8-K,Current Report,American Express Company,https://www.sec.gov/Archives/edgar/data/4962/000000496224000061/
2024-08-15,8-K,Current Report,American Express Company,https://www.sec.gov/Archives/edgar/data/4962/000000496224000059/
2024-07-26,8-K,Current Report,American Express Company,https://www.sec.gov/Archives/edgar/data/4962/000000496224000054/
2024-07-19,8-K,Current Report,American Express Company,https://www.sec.gov/Archives/edgar/data/4962/000000496224000051/
2024-07-19,10-Q,Quarterly Report - Q2 2024,American Express Company,https://www.sec.gov/Archives/edgar/data/4962/000000496224000052/
2024-07-15,8-K,Current Report,American Express Company,https://www.sec.gov/Archives/edgar/data/4962/000000496224000049/
2024-06-17,8-K,Current Report,American Express Company,https://www.sec.gov/Archives/edgar/data/4962/000000496224000046/
2024-05-15,8-K,Current Report,American Express Company,https://www.sec.gov/Archives/edgar/data/4962/000000496224000044/
2024-05-08,8-K,Current Report,American Express Company,https://www.sec.gov/Archives/edgar/data/4962/000000496224000038/
2024-04-25,8-K,Current Report,American Express Company,https://www.sec.gov/Archives/edgar/data/4962/000000496224000033/
2024-04-19,10-Q,Quarterly Report - Q1 2024,American Express Company,https://www.sec.gov/Archives/edgar/data/4962/000000496224000031/
2024-04-19,8-K,Current Report,American Express Company,https://www.sec.gov/Archives/edgar/data/4962/000000496224000029/
2024-04-15,8-K,Current Report,American Express Company,https://www.sec.gov/Archives/edgar/data/4962/000000496224000023/
2024-03-15,8-K,Current Report,American Express Company,https://www.sec.gov/Archives/edgar/data/4962/000000496224000019/
2024-03-07,8-K,Current Report,American Express Company,https://www.sec.gov/Archives/edgar/data/4962/000000496224000017/
2024-02-16,8-K,Current Report,American Express Company,https://www.sec.gov/Archives/edgar/data/4962/000000496224000016/
2024-02-15,8-K,Current Report,American Express Company,https://www.sec.gov/Archives/edgar/data/4962/000000496224000015/
2024-02-09,10-K,Annual Report for FY 2023,American Express Company,https://www.sec.gov/Archives/edgar/data/4962/000000496224000013/
2024-01-26,8-K,Current Report,American Express Company,https://www.sec.gov/Archives/edgar/data/4962/000000496224000008/
2024-01-16,8-K,Current Report,American Express Company,https://www.sec.gov/Archives/edgar/data/4962/000000496224000002/
2024-01-16,8-K,Current Report,American Express Company,https://www.sec.gov/Archives/edgar/data/4962/000000496224000004/
2023-12-15,8-K,Current Report,American Express Company,https://www.sec.gov/Archives/edgar/data/4962/000000496223000043/
2023-11-15,8-K,Current Report,American Express Company,https://www.sec.gov/Archives/edgar/data/4962/000000496223000040/
2023-10-30,8-K,Current Report,American Express Company,https://www.sec.gov/Archives/edgar/data/4962/000000496223000039/
2023-10-20,10-Q,Quarterly Report - Q3 2023,American Express Company,https://www.sec.gov/Archives/edgar/data/4962/000000496223000038/
2023-10-20,8-K,Current Report,American Express Company,https://www.sec.gov/Archives/edgar/data/4962/000000496223000037/
2023-10-16,8-K,Current Report,American Express Company,https://www.sec.gov/Archives/edgar/data/4962/000000496223000035/
2023-09-15,8-K,Current Report,American Express Company,https://www.sec.gov/Archives/edgar/data/4962/000000496223000034/
2023-08-15,8-K,Current Report,American Express Company,https://www.sec.gov/Archives/edgar/data/4962/000000496223000031/
2023-07-28,8-K,Current Report,American Express Company,https://www.sec.gov/Archives/edgar/data/4962/000000496223000030/
2023-07-28,8-K,Current Report,American Express Company,https://www.sec.gov/Archives/edgar/data/4962/000000496223000029/
2023-07-25,10-Q,Quarterly Report - Q2 2023,American Express Company,https://www.sec.gov/Archives/edgar/data/4962/000000496223000028/
2023-07-21,8-K,Current Report,American Express Company,https://www.sec.gov/Archives/edgar/data/4962/000000496223000027/
2023-07-17,8-K,Current Report,American Express Company,https://www.sec.gov/Archives/edgar/data/4962/000000496223000026/
2023-06-27,8-K,Current Report,American Express Company,https://www.sec.gov/Archives/edgar/data/4962/000000496223000024/
2023-06-15,8-K,Current Report,American Express Company,https://www.sec.gov/Archives/edgar/data/4962/000000496223000021/
2023-05-15,8-K,Current Report,American Express Company,https://www.sec.gov/Archives/edgar/data/4962/000000496223000019/
2023-05-05,8-K,Current Report,American Express Company,https://www.sec.gov/Archives/edgar/data/4962/000000496223000018/
2023-05-01,8-K,Current Report,American Express Company,https://www.sec.gov/Archives/edgar/data/4962/000000496223000017/
2023-04-21,10-Q,Quarterly Report - Q1 2023,American Express Company,https://www.sec.gov/Archives/edgar/data/4962/000000496223000016/
2023-04-20,8-K,Current Report,American Express Company,https://www.sec.gov/Archives/edgar/data/4962/000000496223000015/
2023-04-17,8-K,Current Report,American Express Company,https://www.sec.gov/Archives/edgar/data/4962/000000496223000014/
2023-03-15,8-K,Current Report,American Express Company,https://www.sec.gov/Archives/edgar/data/4962/000000496223000011/
2023-03-08,8-K,Current Report,American Express Company,https://www.sec.gov/Archives/edgar/data/4962/000000496223000010/
2023-02-16,8-K,Current Report,American Express Company,https://www.sec.gov/Archives/edgar/data/4962/000000496223000009/
2023-02-15,8-K,Current Report,American Express Company,https://www.sec.gov/Archives/edgar/data/4962/000000496223000007/
2023-02-10,10-K,Annual Report for FY 2022,American Express Company,https://www.sec.gov/Archives/edgar/data/4962/000000496223000006/
2023-01-27,8-K,Current Report,American Express Company,https://www.sec.gov/Archives/edgar/data/4962/000000496223000004/
2023-01-17,8-K,Current Report,American Express Company,https://www.sec.gov/Archives/edgar/data/4962/000000496223000002/
2022-12-15,8-K,Current Report,American Express Company,https://www.sec.gov/Archives/edgar/data/4962/000000496222000062/
2022-12-08,8-K,Current Report,American Express Company,https://www.sec.gov/Archives/edgar/data/4962/000000496222000060/
2022-11-15,8-K,Current Report,American Express Company,https://www.sec.gov/Archives/edgar/data/4962/000000496222000057/
2022-11-07,8-K,Current Report,American Express Company,https://www.sec.gov/Archives/edgar/data/4962/000000496222000056/
2022-11-02,8-K,Current Report,American Express Company,https://www.sec.gov/Archives/edgar/data/4962/000000496222000055/
2022-10-21,8-K,Current Report,American Express Company,https://www.sec.gov/Archives/edgar/data/4962/000000496222000053/
2022-10-21,10-Q,Quarterly Report - Q3 2022,American Express Company,https://www.sec.gov/Archives/edgar/data/4962/000000496222000054/
2022-10-17,8-K,Current Report,American Express Company,https://www.sec.gov/Archives/edgar/data/4962/000000496222000051/
2022-10-06,8-K,Current Report,American Express Company,https://www.sec.gov/Archives/edgar/data/4962/000000496222000048/
2022-09-15,8-K,Current Report,American Express Company,https://www.sec.gov/Archives/edgar/data/4962/000000496222000045/
2022-08-15,8-K,Current Report,American Express Company,https://www.sec.gov/Archives/edgar/data/4962/000000496222000043/
2022-08-03,8-K,Current Report,American Express Company,https://www.sec.gov/Archives/edgar/data/4962/000000496222000042/
2022-07-22,8-K,Current Report,American Express Company,https://www.sec.gov/Archives/edgar/data/4962/000000496222000039/
2022-07-22,10-Q,Quarterly Report - Q2 2022,American Express Company,https://www.sec.gov/Archives/edgar/data/4962/000000496222000041/
2022-07-15,8-K,Current Report,American Express Company,https://www.sec.gov/Archives/edgar/data/4962/000000496222000036/
2022-06-15,8-K,Current Report,American Express Company,https://www.sec.gov/Archives/edgar/data/4962/000000496222000034/
2022-05-26,8-K,Current Report,American Express Company,https://www.sec.gov/Archives/edgar/data/4962/000000496222000033/
2022-05-16,8-K,Current Report,American Express Company,https://www.sec.gov/Archives/edgar/data/4962/000000496222000032/
2022-05-04,8-K,Current Report,American Express Company,https://www.sec.gov/Archives/edgar/data/4962/000000496222000030/
2022-05-03,8-K,Current Report,American Express Company,https://www.sec.gov/Archives/edgar/data/4962/000000496222000029/
2022-04-22,8-K,Current Report,American Express Company,https://www.sec.gov/Archives/edgar/data/4962/000000496222000025/
2022-04-22,10-Q,Quarterly Report - Q1 2022,American Express Company,https://www.sec.gov/Archives/edgar/data/4962/000000496222000028/
2022-04-15,8-K,Current Report,American Express Company,https://www.sec.gov/Archives/edgar/data/4962/000000496222000021/
2022-03-15,8-K,Current Report,American Express Company,https://www.sec.gov/Archives/edgar/data/4962/000000496222000018/
2022-03-10,8-K,Current Report,American Express Company,https://www.sec.gov/Archives/edgar/data/4962/000000496222000016/
2022-03-04,8-K,Current Report,American Express Company,https://www.sec.gov/Archives/edgar/data/4962/000000496222000012/
2022-02-15,8-K,Current Report,American Express Company,https://www.sec.gov/Archives/edgar/data/4962/000000496222000010/
2022-02-11,10-K,Annual Report for FY 2021,American Express Company,https://www.sec.gov/Archives/edgar/data/4962/000000496222000008/
2022-01-25,8-K,Current Report,American Express Company,https://www.sec.gov/Archives/edgar/data/4962/000000496222000004/
2022-01-18,8-K,Current Report,American Express Company,https://www.sec.gov/Archives/edgar/data/4962/000000496222000002/
2021-12-15,8-K,Current Report,American Express Company,https://www.sec.gov/Archives/edgar/data/4962/000000496221000078/
2021-12-01,8-K,Current Report,American Express Company,https://www.sec.gov/Archives/edgar/data/4962/000000496221000074/
2021-11-16,8-K,Current Report,American Express Company,https://www.sec.gov/Archives/edgar/data/4962/000000496221000066/
2021-11-15,8-K,Current Report,American Express Company,https://www.sec.gov/Archives/edgar/data/4962/000000496221000065/
2021-11-04,8-K,Current Report,American Express Company,https://www.sec.gov/Archives/edgar/data/4962/000110465921134416/
2021-11-02,8-K,Current Report,American Express Company,https://www.sec.gov/Archives/edgar/data/4962/000000496221000064/
2021-11-01,8-K,Current Report,American Express Company,https://www.sec.gov/Archives/edgar/data/4962/000000496221000062/
2021-10-22,8-K,Current Report,American Express Company,https://www.sec.gov/Archives/edgar/data/4962/000000496221000058/
2021-10-22,10-Q,Quarterly Report - Q3 2021,American Express Company,https://www.sec.gov/Archives/edgar/data/4962/000000496221000060/
2021-10-15,8-K,Current Report,American Express Company,https://www.sec.gov/Archives/edgar/data/4962/000000496221000052/
2021-09-15,8-K,Current Report,American Express Company,https://www.sec.gov/Archives/edgar/data/4962/000000496221000051/
2021-08-16,8-K,Current Report,American Express Company,https://www.sec.gov/Archives/edgar/data/4962/000000496221000043/
2021-08-03,8-K,Current Report,American Express Company,https://www.sec.gov/Archives/edgar/data/4962/000110465921099328/
2021-07-27,8-K,Current Report,American Express Company,https://www.sec.gov/Archives/edgar/data/4962/000110465921096122/
2021-07-23,8-K,Current Report,American Express Company,https://www.sec.gov/Archives/edgar/data/4962/000000496221000040/
2021-07-23,10-Q,Quarterly Report - Q2 2021,American Express Company,https://www.sec.gov/Archives/edgar/data/4962/000000496221000042/
2021-07-15,8-K,Current Report,American Express Company,https://www.sec.gov/Archives/edgar/data/4962/000000496221000038/
2021-06-15,8-K,Current Report,American Express Company,https://www.sec.gov/Archives/edgar/data/4962/000000496221000034/
2021-05-17,8-K,Current Report,American Express Company,https://www.sec.gov/Archives/edgar/data/4962/000000496221000033/
2021-05-06,8-K,Current Report,American Express Company,https://www.sec.gov/Archives/edgar/data/4962/000000496221000032/
2021-04-28,8-K,Current Report,American Express Company,https://www.sec.gov/Archives/edgar/data/4962/000000496221000029/
2021-04-23,8-K,Current Report,American Express Company,https://www.sec.gov/Archives/edgar/data/4962/000000496221000026/
2021-04-23,10-Q,Quarterly Report - Q1 2021,American Express Company,https://www.sec.gov/Archives/edgar/data/4962/000000496221000028/
2021-04-15,8-K,Current Report,American Express Company,https://www.sec.gov/Archives/edgar/data/4962/000000496221000023/
2021-03-15,8-K,Current Report,American Express Company,https://www.sec.gov/Archives/edgar/data/4962/000000496221000021/
2021-03-09,8-K,Current Report,American Express Company,https://www.sec.gov/Archives/edgar/data/4962/000000496221000018/
2021-02-16,8-K,Current Report,American Express Company,https://www.sec.gov/Archives/edgar/data/4962/000000496221000016/
2021-02-12,10-K,Annual Report for FY 2020,American Express Company,https://www.sec.gov/Archives/edgar/data/4962/000000496221000013/
2021-01-27,8-K,Current Report,American Express Company,https://www.sec.gov/Archives/edgar/data/4962/000000496221000008/
2021-01-26,8-K,Current Report,American Express Company,https://www.sec.gov/Archives/edgar/data/4962/000000496221000006/
2021-01-15,8-K,Current Report,American Express Company,https://www.sec.gov/Archives/edgar/data/4962/000000496221000004/
2020-12-15,8-K,Current Report,American Express Company,https://www.sec.gov/Archives/edgar/data/4962/000000496220000105/
2020-11-16,8-K,Current Report,American Express Company,https://www.sec.gov/Archives/edgar/data/4962/000000496220000103/
2020-10-26,8-K,Current Report,American Express Company,https://www.sec.gov/Archives/edgar/data/4962/000000496220000101/
2020-10-23,10-Q,Quarterly Report - Q3 2020,American Express Company,https://www.sec.gov/Archives/edgar/data/4962/000000496220000098/
2020-10-23,8-K,Current Report,American Express Company,https://www.sec.gov/Archives/edgar/data/4962/000000496220000094/
2020-10-15,8-K,Current Report,American Express Company,https://www.sec.gov/Archives/edgar/data/4962/000000496220000088/
2020-09-15,8-K,Current Report,American Express Company,https://www.sec.gov/Archives/edgar/data/4962/000000496220000086/
2020-08-17,8-K,Current Report,American Express Company,https://www.sec.gov/Archives/edgar/data/4962/000000496220000083/
2020-07-24,8-K,Current Report,American Express Company,https://www.sec.gov/Archives/edgar/data/4962/000000496220000076/
2020-07-24,10-Q,Quarterly Report - Q2 2020,American Express Company,https://www.sec.gov/Archives/edgar/data/4962/000000496220000079/
2020-07-15,8-K,Current Report,American Express Company,https://www.sec.gov/Archives/edgar/data/4962/000000496220000073/
2020-06-30,8-K,Current Report,American Express Company,https://www.sec.gov/Archives/edgar/data/4962/000000496220000071/
2020-06-15,8-K,Current Report,American Express Company,https://www.sec.gov/Archives/edgar/data/4962/000000496220000062/
2020-05-15,8-K,Current Report,American Express Company,https://www.sec.gov/Archives/edgar/data/4962/000000496220000059/
2020-05-07,8-K,Current Report,American Express Company,https://www.sec.gov/Archives/edgar/data/4962/000000496220000057/
2020-04-24,8-K,Current Report,American Express Company,https://www.sec.gov/Archives/edgar/data/4962/000000496220000051/
2020-04-24,10-Q,Quarterly Report - Q1 2020,American Express Company,https://www.sec.gov/Archives/edgar/data/4962/000000496220000054/
2020-04-15,8-K,Current Report,American Express Company,https://www.sec.gov/Archives/edgar/data/4962/000000496220000046/
2020-03-20,8-K,Current Report,American Express Company,https://www.sec.gov/Archives/edgar/data/4962/000000496220000044/
2020-03-17,8-K,Current Report,American Express Company,https://www.sec.gov/Archives/edgar/data/4962/000000496220000039/
2020-03-16,8-K,Current Report,American Express Company,https://www.sec.gov/Archives/edgar/data/4962/000000496220000037/
2020-02-18,8-K,Current Report,American Express Company,https://www.sec.gov/Archives/edgar/data/4962/000000496220000034/
2020-02-13,10-K,Annual Report for FY 2019,American Express Company,https://www.sec.gov/Archives/edgar/data/4962/000000496220000030/
2020-02-07,8-K,Current Report,American Express Company,https://www.sec.gov/Archives/edgar/data/4962/000000496220000023/
2020-01-29,8-K,Current Report,American Express Company,https://www.sec.gov/Archives/edgar/data/4962/000000496220000015/
2020-01-24,8-K,Current Report,American Express Company,https://www.sec.gov/Archives/edgar/data/4962/000000496220000013/
2020-01-15,8-K,Current Report,American Express Company,https://www.sec.gov/Archives/edgar/data/4962/000000496220000005/
2019-12-17,8-K,Current Report,American Express Company,https://www.sec.gov/Archives/edgar/data/4962/000000496219000098/
2019-12-16,8-K,Current Report,American Express Company,https://www.sec.gov/Archives/edgar/data/4962/000000496219000094/
2019-11-15,8-K,Current Report,American Express Company,https://www.sec.gov/Archives/edgar/data/4962/000000496219000091/
2019-10-21,10-Q,Quarterly Report - Q3 2019,American Express Company,https://www.sec.gov/Archives/edgar/data/4962/000000496219000086/
2019-10-18,8-K,Current Report,American Express Company,https://www.sec.gov/Archives/edgar/data/4962/000000496219000081/
2019-10-15,8-K,Current Report,American Express Company,https://www.sec.gov/Archives/edgar/data/4962/000000496219000074/
2019-09-23,8-K,Current Report,American Express Company,https://www.sec.gov/Archives/edgar/data/4962/000000496219000071/
2019-09-16,8-K,Current Report,American Express Company,https://www.sec.gov/Archives/edgar/data/4962/000000496219000068/
2019-08-15,8-K,Current Report,American Express Company,https://www.sec.gov/Archives/edgar/data/4962/000000496219000062/
2019-07-30,8-K,Current Report,American Express Company,https://www.sec.gov/Archives/edgar/data/4962/000141057819000583/
2019-07-23,10-Q,Quarterly Report - Q2 2019,American Express Company,https://www.sec.gov/Archives/edgar/data/4962/000000496219000051/
2019-07-19,8-K,Current Report,American Express Company,https://www.sec.gov/Archives/edgar/data/4962/000000496219000045/
2019-07-15,8-K,Current Report,American Express Company,https://www.sec.gov/Archives/edgar/data/4962/000000496219000043/
2019-06-17,8-K,Current Report,American Express Company,https://www.sec.gov/Archives/edgar/data/4962/000000496219000035/
2019-05-20,8-K,Current Report,American Express Company,https://www.sec.gov/Archives/edgar/data/4962/000110465919030525/
2019-05-15,8-K,Current Report,American Express Company,https://www.sec.gov/Archives/edgar/data/4962/000000496219000033/
2019-05-08,8-K,Current Report,American Express Company,https://www.sec.gov/Archives/edgar/data/4962/000000496919000038/
2019-05-06,8-K,Current Report,American Express Company,https://www.sec.gov/Archives/edgar/data/4962/000000496919000036/
2019-04-23,10-Q,Quarterly Report - Q1 2019,American Express Company,https://www.sec.gov/Archives/edgar/data/4962/000000496219000031/
2019-04-18,8-K,Current Report,American Express Company,https://www.sec.gov/Archives/edgar/data/4962/000000496919000018/
2019-04-15,8-K,Current Report,American Express Company,https://www.sec.gov/Archives/edgar/data/4962/000000496919000014/
2019-03-15,8-K,Current Report,American Express Company,https://www.sec.gov/Archives/edgar/data/4962/000000496919000011/
2019-02-22,8-K,Current Report,American Express Company,https://www.sec.gov/Archives/edgar/data/4962/000110465919010065/
2019-02-15,8-K,Current Report,American Express Company,https://www.sec.gov/Archives/edgar/data/4962/000000496219000026/
2019-02-13,10-K,Annual Report for FY 2018,American Express Company,https://www.sec.gov/Archives/edgar/data/4962/000000496219000018/
2019-01-25,8-K,Current Report,American Express Company,https://www.sec.gov/Archives/edgar/data/4962/000000496219000008/
2019-01-17,8-K,Current Report,American Express Company,https://www.sec.gov/Archives/edgar/data/4962/000000496219000004/
2019-01-15,8-K,Current Report,American Express Company,https://www.sec.gov/Archives/edgar/data/4962/000000496219000002/
2018-12-17,8-K,Current Report,American Express Company,https://www.sec.gov/Archives/edgar/data/4962/000000496218000132/
2018-11-15,8-K,Current Report,American Express Company,https://www.sec.gov/Archives/edgar/data/4962/000000496218000129/
2018-11-06,8-K,Current Report,American Express Company,https://www.sec.gov/Archives/edgar/data/4962/000110465918066219/
2018-10-23,10-Q,Quarterly Report - Q3 2018,American Express Company,https://www.sec.gov/Archives/edgar/data/4962/000000496218000121/
2018-10-18,8-K,Current Report,American Express Company,https://www.sec.gov/Archives/edgar/data/4962/000000496218000116/
2018-10-15,8-K,Current Report,American Express Company,https://www.sec.gov/Archives/edgar/data/4962/000000496218000114/
2018-09-25,8-K,Current Report,American Express Company,https://www.sec.gov/Archives/edgar/data/4962/000000496218000111/
2018-09-17,8-K,Current Report,American Express Company,https://www.sec.gov/Archives/edgar/data/4962/000000496218000108/
2018-08-29,8-K,Current Report,American Express Company,https://www.sec.gov/Archives/edgar/data/4962/000000496218000106/
2018-08-15,8-K,Current Report,American Express Company,https://www.sec.gov/Archives/edgar/data/4962/000000496218000104/
2018-08-03,8-K,Current Report,American Express Company,https://www.sec.gov/Archives/edgar/data/4962/000110465918049532/
2018-07-24,10-Q,Quarterly Report - Q2 2018,American Express Company,https://www.sec.gov/Archives/edgar/data/4962/000000496218000095/
2018-07-18,8-K,Current Report,American Express Company,https://www.sec.gov/Archives/edgar/data/4962/000000496218000090/
2018-07-16,8-K,Current Report,American Express Company,https://www.sec.gov/Archives/edgar/data/4962/000000496218000087/
2018-06-28,8-K,Current Report,American Express Company,https://www.sec.gov/Archives/edgar/data/4962/000000496218000085/
2018-06-20,8-K,Current Report,American Express Company,https://www.sec.gov/Archives/edgar/data/4962/000000496218000079/
2018-06-15,8-K,Current Report,American Express Company,https://www.sec.gov/Archives/edgar/data/4962/000000496218000074/
2018-05-17,8-K,Current Report,American Express Company,https://www.sec.gov/Archives/edgar/data/4962/000110465918034065/
2018-05-15,8-K,Current Report,American Express Company,https://www.sec.gov/Archives/edgar/data/4962/000000496218000071/
2018-05-08,8-K,Current Report,American Express Company,https://www.sec.gov/Archives/edgar/data/4962/000000496218000069/
2018-04-25,10-Q,Quarterly Report - Q1 2018,American Express Company,https://www.sec.gov/Archives/edgar/data/4962/000000496218000060/
2018-04-18,8-K,Current Report,American Express Company,https://www.sec.gov/Archives/edgar/data/4962/000000496218000056/
2018-04-16,8-K,Current Report,American Express Company,https://www.sec.gov/Archives/edgar/data/4962/000000496218000054/
2018-03-28,8-K,Current Report,American Express Company,https://www.sec.gov/Archives/edgar/data/4962/000000496218000050/
2018-03-15,8-K,Current Report,American Express Company,https://www.sec.gov/Archives/edgar/data/4962/000000496218000047/
2018-03-13,8-K,Current Report,American Express Company,https://www.sec.gov/Archives/edgar/data/4962/000000496218000045/
2018-03-09,8-K,Current Report,American Express Company,https://www.sec.gov/Archives/edgar/data/4962/000000496218000042/
2018-03-01,8-K,Current Report,American Express Company,https://www.sec.gov/Archives/edgar/data/4962/000000496218000040/
2018-02-27,8-K,Current Report,American Express Company,https://www.sec.gov/Archives/edgar/data/4962/000110465918012870/
2018-02-16,10-K,Annual Report for FY 2017,American Express Company,https://www.sec.gov/Archives/edgar/data/4962/000000496218000032/
2018-02-15,8-K,Current Report,American Express Company,https://www.sec.gov/Archives/edgar/data/4962/000000496218000028/
2018-01-30,8-K,Current Report,American Express Company,https://www.sec.gov/Archives/edgar/data/4962/000000496218000015/
2018-01-18,8-K,Current Report,American Express Company,https://www.sec.gov/Archives/edgar/data/4962/000000496218000012/
2018-01-16,8-K,Current Report,American Express Company,https://www.sec.gov/Archives/edgar/data/4962/000000496218000007/
2018-01-03,8-K,Current Report,American Express Company,https://www.sec.gov/Archives/edgar/data/4962/000000496218000002/
2017-12-15,8-K,Current Report,American Express Company,https://www.sec.gov/Archives/edgar/data/4962/000000496217000116/
2017-11-15,8-K,Current Report,American Express Company,https://www.sec.gov/Archives/edgar/data/4962/000000496217000114/
2017-10-30,8-K,Current Report,American Express Company,https://www.sec.gov/Archives/edgar/data/4962/000110465917064573/
2017-10-27,8-K,Current Report,American Express Company,https://www.sec.gov/Archives/edgar/data/4962/000110465917064315/
2017-10-24,10-Q,Quarterly Report - Q3 2017,American Express Company,https://www.sec.gov/Archives/edgar/data/4962/000000496217000105/
2017-10-18,8-K,Current Report,American Express Company,https://www.sec.gov/Archives/edgar/data/4962/000000496217000100/
2017-10-16,8-K,Current Report,American Express Company,https://www.sec.gov/Archives/edgar/data/4962/000000496217000095/
2017-09-26,8-K,Current Report,American Express Company,https://www.sec.gov/Archives/edgar/data/4962/000000496217000090/
2017-09-15,8-K,Current Report,American Express Company,https://www.sec.gov/Archives/edgar/data/4962/000000496217000086/
2017-08-15,8-K,Current Report,American Express Company,https://www.sec.gov/Archives/edgar/data/4962/000000496217000081/
2017-08-01,8-K,Current Report,American Express Company,https://www.sec.gov/Archives/edgar/data/4962/000110465917048489/
2017-07-25,10-Q,Quarterly Report - Q2 2017,American Express Company,https://www.sec.gov/Archives/edgar/data/4962/000000496217000071/
2017-07-19,8-K,Current Report,American Express Company,https://www.sec.gov/Archives/edgar/data/4962/000000496217000063/
2017-07-17,8-K,Current Report,American Express Company,https://www.sec.gov/Archives/edgar/data/4962/000000496217000060/
2017-06-28,8-K,Current Report,American Express Company,https://www.sec.gov/Archives/edgar/data/4962/000000496217000057/
2017-06-15,8-K,Current Report,American Express Company,https://www.sec.gov/Archives/edgar/data/4962/000000496217000052/
2017-05-15,8-K,Current Report,American Express Company,https://www.sec.gov/Archives/edgar/data/4962/000000496217000048/
2017-05-02,8-K,Current Report,American Express Company,https://www.sec.gov/Archives/edgar/data/4962/000000496217000042/
2017-04-27,10-Q,Quarterly Report - Q1 2017,American Express Company,https://www.sec.gov/Archives/edgar/data/4962/000000496217000040/
2017-04-19,8-K,Current Report,American Express Company,https://www.sec.gov/Archives/edgar/data/4962/000000496217000034/
2017-04-17,8-K,Current Report,American Express Company,https://www.sec.gov/Archives/edgar/data/4962/000000496217000030/
2017-03-15,8-K,Current Report,American Express Company,https://www.sec.gov/Archives/edgar/data/4962/000000496217000027/
2017-02-17,10-K,Annual Report for FY 2016,American Express Company,https://www.sec.gov/Archives/edgar/data/4962/000119312517047588/
2017-02-15,8-K,Current Report,American Express Company,https://www.sec.gov/Archives/edgar/data/4962/000000496217000016/
2017-01-24,8-K,Current Report,American Express Company,https://www.sec.gov/Archives/edgar/data/4962/000000496217000009/
2017-01-19,8-K,Current Report,American Express Company,https://www.sec.gov/Archives/edgar/data/4962/000000496217000005/
2017-01-17,8-K,Current Report,American Express Company,https://www.sec.gov/Archives/edgar/data/4962/000000496217000002/
2016-12-15,8-K,Current Report,American Express Company,https://www.sec.gov/Archives/edgar/data/4962/000000496216000216/
2016-11-15,8-K,Current Report,American Express Company,https://www.sec.gov/Archives/edgar/data/4962/000000496216000213/
2016-10-25,10-Q,Quarterly Report - Q3 2016,American Express Company,https://www.sec.gov/Archives/edgar/data/4962/000119312516746492/
2016-10-19,8-K,Current Report,American Express Company,https://www.sec.gov/Archives/edgar/data/4962/000000496216000200/
2016-10-17,8-K,Current Report,American Express Company,https://www.sec.gov/Archives/edgar/data/4962/000000496216000198/
2016-09-27,8-K,Current Report,American Express Company,https://www.sec.gov/Archives/edgar/data/4962/000000496216000195/
2016-09-15,8-K,Current Report,American Express Company,https://www.sec.gov/Archives/edgar/data/4962/000000496216000193/
2016-08-15,8-K,Current Report,American Express Company,https://www.sec.gov/Archives/edgar/data/4962/000000496216000191/
2016-07-28,8-K,Current Report,American Express Company,https://www.sec.gov/Archives/edgar/data/4962/000000496216000182/
2016-07-26,10-Q,Quarterly Report - Q2 2016,American Express Company,https://www.sec.gov/Archives/edgar/data/4962/000119312516657869/
2016-07-20,8-K,Current Report,American Express Company,https://www.sec.gov/Archives/edgar/data/4962/000000496216000176/
2016-07-15,8-K,Current Report,American Express Company,https://www.sec.gov/Archives/edgar/data/4962/000000496216000174/
2016-06-29,8-K,Current Report,American Express Company,https://www.sec.gov/Archives/edgar/data/4962/000000496216000168/
2016-06-20,8-K,Current Report,American Express Company,https://www.sec.gov/Archives/edgar/data/4962/000000496216000163/
2016-06-15,8-K,Current Report,American Express Company,https://www.sec.gov/Archives/edgar/data/4962/000000496216000161/
2016-05-16,8-K,Current Report,American Express Company,https://www.sec.gov/Archives/edgar/data/4962/000000496216000159/
2016-05-02,8-K,Current Report,American Express Company,https://www.sec.gov/Archives/edgar/data/4962/000000496216000149/
2016-04-27,10-Q,Quarterly Report - Q1 2016,American Express Company,https://www.sec.gov/Archives/edgar/data/4962/000119312516558855/
2016-04-20,8-K,Current Report,American Express Company,https://www.sec.gov/Archives/edgar/data/4962/000000496216000143/
2016-04-15,8-K,Current Report,American Express Company,https://www.sec.gov/Archives/edgar/data/4962/000000496216000141/
2016-03-15,8-K,Current Report,American Express Company,https://www.sec.gov/Archives/edgar/data/4962/000000496216000138/
2016-03-08,8-K,Current Report,American Express Company,https://www.sec.gov/Archives/edgar/data/4962/000000496216000131/
2016-02-29,8-K,Current Report,American Express Company,https://www.sec.gov/Archives/edgar/data/4962/000000496216000126/
2016-02-19,10-K,Annual Report for FY 2015,American Express Company,https://www.sec.gov/Archives/edgar/data/4962/000119312516469798/
2016-02-16,8-K,Current Report,American Express Company,https://www.sec.gov/Archives/edgar/data/4962/000000496216000120/
2016-01-21,8-K,Current Report,American Express Company,https://www.sec.gov/Archives/edgar/data/4962/000000496216000116/
2016-01-15,8-K,Current Report,American Express Company,https://www.sec.gov/Archives/edgar/data/4962/000000496216000113/
2015-12-15,8-K,Current Report,American Express Company,https://www.sec.gov/Archives/edgar/data/4962/000000496215000111/
2015-11-16,8-K,Current Report,American Express Company,https://www.sec.gov/Archives/edgar/data/4962/000000496215000108/
2015-10-28,10-Q,Quarterly Report - Q3 2015,American Express Company,https://www.sec.gov/Archives/edgar/data/4962/000119312515356064/
2015-10-21,8-K,Current Report,American Express Company,https://www.sec.gov/Archives/edgar/data/4962/000000496215000094/
2015-10-15,8-K,Current Report,American Express Company,https://www.sec.gov/Archives/edgar/data/4962/000000496215000092/
2015-09-15,8-K,Current Report,American Express Company,https://www.sec.gov/Archives/edgar/data/4962/000000496215000083/
2015-08-17,8-K,Current Report,American Express Company,https://www.sec.gov/Archives/edgar/data/4962/000000496215000078/
2015-07-29,10-Q,Quarterly Report - Q2 2015,American Express Company,https://www.sec.gov/Archives/edgar/data/4962/000119312515267714/
2015-07-22,8-K,Current Report,American Express Company,https://www.sec.gov/Archives/edgar/data/4962/000000496215000066/
2015-07-15,8-K,Current Report,American Express Company,https://www.sec.gov/Archives/edgar/data/4962/000000496215000062/
2015-06-15,8-K,Current Report,American Express Company,https://www.sec.gov/Archives/edgar/data/4962/000000496215000058/
2015-05-29,8-K,Current Report,American Express Company,https://www.sec.gov/Archives/edgar/data/4962/000000496215000056/
2015-05-15,8-K,Current Report,American Express Company,https://www.sec.gov/Archives/edgar/data/4962/000000496215000052/
2015-05-12,8-K,Current Report,American Express Company,https://www.sec.gov/Archives/edgar/data/4962/000000496215000048/
2015-04-29,10-Q,Quarterly Report - Q1 2015,American Express Company,https://www.sec.gov/Archives/edgar/data/4962/000119312515155393/
2015-04-16,8-K,Current Report,American Express Company,https://www.sec.gov/Archives/edgar/data/4962/000000496215000034/
2015-04-15,8-K,Current Report,American Express Company,https://www.sec.gov/Archives/edgar/data/4962/000000496215000024/
2015-03-16,8-K,Current Report,American Express Company,https://www.sec.gov/Archives/edgar/data/4962/000000496215000019/
2015-03-11,8-K,Current Report,American Express Company,https://www.sec.gov/Archives/edgar/data/4962/000000496215000017/
2015-03-02,8-K,Current Report,American Express Company,https://www.sec.gov/Archives/edgar/data/4962/000110465915015788/
2015-02-24,10-K,Annual Report for FY 2014,American Express Company,https://www.sec.gov/Archives/edgar/data/4962/000119312515059931/
2015-02-17,8-K,Current Report,American Express Company,https://www.sec.gov/Archives/edgar/data/4962/000000496215000012/
2015-02-12,8-K,Current Report,American Express Company,https://www.sec.gov/Archives/edgar/data/4962/000000496215000007/
2015-01-21,8-K,Current Report,American Express Company,https://www.sec.gov/Archives/edgar/data/4962/000000496215000005/
2015-01-15,8-K,Current Report,American Express Company,https://www.sec.gov/Archives/edgar/data/4962/000000496215000002/
2014-12-15,8-K,Current Report,American Express Company,https://www.sec.gov/Archives/edgar/data/4962/000000496214000108/
2014-12-05,8-K,Current Report,American Express Company,https://www.sec.gov/Archives/edgar/data/4962/000110465914085118/
2014-12-04,8-K,Current Report,American Express Company,https://www.sec.gov/Archives/edgar/data/4962/000000496214000106/
2014-11-17,8-K,Current Report,American Express Company,https://www.sec.gov/Archives/edgar/data/4962/000000496214000102/
2014-11-12,8-K,Current Report,American Express Company,https://www.sec.gov/Archives/edgar/data/4962/000110465914079098/
2014-10-28,10-Q,Quarterly Report - Q3 2014,American Express Company,https://www.sec.gov/Archives/edgar/data/4962/000119312514384990/
2014-10-21,8-K,Current Report,American Express Company,https://www.sec.gov/Archives/edgar/data/4962/000000496214000093/
2014-10-15,8-K,Current Report,American Express Company,https://www.sec.gov/Archives/edgar/data/4962/000119312514372680/
2014-10-15,8-K,Current Report,American Express Company,https://www.sec.gov/Archives/edgar/data/4962/000000496214000090/
2014-09-30,8-K,Current Report,American Express Company,https://www.sec.gov/Archives/edgar/data/4962/000000496214000087/
2014-09-15,8-K,Current Report,American Express Company,https://www.sec.gov/Archives/edgar/data/4962/000000496214000078/
2014-08-15,8-K,Current Report,American Express Company,https://www.sec.gov/Archives/edgar/data/4962/000000496214000072/
2014-07-30,10-Q,Quarterly Report - Q2 2014,American Express Company,https://www.sec.gov/Archives/edgar/data/4962/000119312514286961/
2014-07-29,8-K,Current Report,American Express Company,https://www.sec.gov/Archives/edgar/data/4962/000000496214000059/
2014-07-15,8-K,Current Report,American Express Company,https://www.sec.gov/Archives/edgar/data/4962/000000496214000053/
2014-06-30,8-K,Current Report,American Express Company,https://www.sec.gov/Archives/edgar/data/4962/000000496214000051/
2014-06-23,8-K,Current Report,American Express Company,https://www.sec.gov/Archives/edgar/data/4962/000000496214000049/
2014-06-16,8-K,Current Report,American Express Company,https://www.sec.gov/Archives/edgar/data/4962/000000496214000047/
2014-05-15,8-K,Current Report,American Express Company,https://www.sec.gov/Archives/edgar/data/4962/000000496214000043/
2014-05-13,8-K,Current Report,American Express Company,https://www.sec.gov/Archives/edgar/data/4962/000000496214000041/
2014-04-29,10-Q,Quarterly Report - Q1 2014,American Express Company,https://www.sec.gov/Archives/edgar/data/4962/000119312514167067/
2014-04-16,8-K,Current Report,American Express Company,https://www.sec.gov/Archives/edgar/data/4962/000000496214000031/
2014-04-15,8-K,Current Report,American Express Company,https://www.sec.gov/Archives/edgar/data/4962/000000496214000029/
2014-03-26,8-K,Current Report,American Express Company,https://www.sec.gov/Archives/edgar/data/4962/000000496214000027/
2014-03-17,8-K,Current Report,American Express Company,https://www.sec.gov/Archives/edgar/data/4962/000000496214000019/
2014-03-17,8-K,Current Report,American Express Company,https://www.sec.gov/Archives/edgar/data/4962/000000496214000021/
2014-02-25,10-K,Annual Report for FY 2013,American Express Company,https://www.sec.gov/Archives/edgar/data/4962/000119312514066777/
2014-02-18,8-K,Current Report,American Express Company,https://www.sec.gov/Archives/edgar/data/4962/000000496214000012/
2014-01-16,8-K,Current Report,American Express Company,https://www.sec.gov/Archives/edgar/data/4962/000000496214000007/
2014-01-15,8-K,Current Report,American Express Company,https://www.sec.gov/Archives/edgar/data/4962/000000496214000005/
2013-12-24,8-K,Current Report,American Express Company,https://www.sec.gov/Archives/edgar/data/4962/000114036113047448/
2013-12-19,8-K,Current Report,American Express Company,https://www.sec.gov/Archives/edgar/data/4962/000114036113046971/
2013-12-16,8-K,Current Report,American Express Company,https://www.sec.gov/Archives/edgar/data/4962/000000496213000085/
2013-11-15,8-K,Current Report,American Express Company,https://www.sec.gov/Archives/edgar/data/4962/000000496213000083/
2013-10-29,10-Q,Quarterly Report - Q3 2013,American Express Company,https://www.sec.gov/Archives/edgar/data/4962/000119312513415898/
2013-10-16,8-K,Current Report,American Express Company,https://www.sec.gov/Archives/edgar/data/4962/000000496213000076/
2013-10-15,8-K,Current Report,American Express Company,https://www.sec.gov/Archives/edgar/data/4962/000000496213000074/
2013-09-25,8-K,Current Report,American Express Company,https://www.sec.gov/Archives/edgar/data/4962/000000496213000070/
2013-09-16,8-K,Current Report,American Express Company,https://www.sec.gov/Archives/edgar/data/4962/000000496213000067/
2013-08-15,8-K,Current Report,American Express Company,https://www.sec.gov/Archives/edgar/data/4962/000000496213000065/
2013-07-29,10-Q,Quarterly Report - Q2 2013,American Express Company,https://www.sec.gov/Archives/edgar/data/4962/000119312513307673/
2013-07-25,8-K,Current Report,American Express Company,https://www.sec.gov/Archives/edgar/data/4962/000000496213000057/
2013-07-17,8-K,Current Report,American Express Company,https://www.sec.gov/Archives/edgar/data/4962/000000496213000051/
2013-07-15,8-K,Current Report,American Express Company,https://www.sec.gov/Archives/edgar/data/4962/000000496213000049/
2013-06-21,8-K,Current Report,American Express Company,https://www.sec.gov/Archives/edgar/data/4962/000000496213000047/
2013-06-17,8-K,Current Report,American Express Company,https://www.sec.gov/Archives/edgar/data/4962/000000496213000044/
2013-05-22,8-K,Current Report,American Express Company,https://www.sec.gov/Archives/edgar/data/4962/000093041313003088/
2013-05-17,8-K,Current Report,American Express Company,https://www.sec.gov/Archives/edgar/data/4962/000093041313003027/
2013-05-15,8-K,Current Report,American Express Company,https://www.sec.gov/Archives/edgar/data/4962/000000496213000041/
2013-05-07,8-K,Current Report,American Express Company,https://www.sec.gov/Archives/edgar/data/4962/000000496213000039/
2013-05-02,8-K,Current Report,American Express Company,https://www.sec.gov/Archives/edgar/data/4962/000000496213000037/
2013-04-30,8-K,Current Report,American Express Company,https://www.sec.gov/Archives/edgar/data/4962/000000496213000035/
2013-04-29,10-Q,Quarterly Report - Q1 2013,American Express Company,https://www.sec.gov/Archives/edgar/data/4962/000119312513180601/
2013-04-17,8-K,Current Report,American Express Company,https://www.sec.gov/Archives/edgar/data/4962/000000496213000030/
2013-04-15,8-K,Current Report,American Express Company,https://www.sec.gov/Archives/edgar/data/4962/000000496213000027/
2013-04-15,8-K,Current Report,American Express Company,https://www.sec.gov/Archives/edgar/data/4962/000000496213000026/
2013-03-25,8-K,Current Report,American Express Company,https://www.sec.gov/Archives/edgar/data/4962/000000496213000022/
2013-03-15,8-K,Current Report,American Express Company,https://www.sec.gov/Archives/edgar/data/4962/000000496213000020/
2013-03-14,8-K,Current Report,American Express Company,https://www.sec.gov/Archives/edgar/data/4962/000000496213000018/
2013-02-22,10-K,Annual Report for FY 2012,American Express Company,https://www.sec.gov/Archives/edgar/data/4962/000119312513070554/
2013-02-22,8-K,Current Report,American Express Company,https://www.sec.gov/Archives/edgar/data/4962/000000496213000016/
2013-02-15,8-K,Current Report,American Express Company,https://www.sec.gov/Archives/edgar/data/4962/000000496213000014/
2013-02-06,8-K,Current Report,American Express Company,https://www.sec.gov/Archives/edgar/data/4962/000114036113004974/
2013-01-17,8-K,Current Report,American Express Company,https://www.sec.gov/Archives/edgar/data/4962/000000496213000007/
2013-01-15,8-K,Current Report,American Express Company,https://www.sec.gov/Archives/edgar/data/4962/000000496213000005/
2013-01-10,8-K,Current Report,American Express Company,https://www.sec.gov/Archives/edgar/data/4962/000000496213000003/
2012-12-17,8-K,Current Report,American Express Company,https://www.sec.gov/Archives/edgar/data/4962/000000496212000081/
2012-12-12,8-K,Current Report,American Express Company,https://www.sec.gov/Archives/edgar/data/4962/000000496212000079/
2012-11-28,8-K,Current Report,American Express Company,https://www.sec.gov/Archives/edgar/data/4962/000000496212000076/
2012-11-27,8-K,Current Report,American Express Company,https://www.sec.gov/Archives/edgar/data/4962/000000496212000074/
2012-11-15,8-K,Current Report,American Express Company,https://www.sec.gov/Archives/edgar/data/4962/000000496212000071/
2012-11-13,8-K,Current Report,American Express Company,https://www.sec.gov/Archives/edgar/data/4962/000000496212000068/
2012-10-31,10-Q,Quarterly Report - Q3 2012,American Express Company,https://www.sec.gov/Archives/edgar/data/4962/000119312512443821/
2012-10-17,8-K,Current Report,American Express Company,https://www.sec.gov/Archives/edgar/data/4962/000114036112044011/
2012-10-15,8-K,Current Report,American Express Company,https://www.sec.gov/Archives/edgar/data/4962/000000496212000061/
2012-10-01,8-K,Current Report,American Express Company,https://www.sec.gov/Archives/edgar/data/4962/000000496212000059/
2012-09-17,8-K,Current Report,American Express Company,https://www.sec.gov/Archives/edgar/data/4962/000000496212000057/
2012-08-15,8-K,Current Report,American Express Company,https://www.sec.gov/Archives/edgar/data/4962/000000496212000051/
2012-08-08,8-K,Current Report,American Express Company,https://www.sec.gov/Archives/edgar/data/4962/000114036112035791/
2012-08-02,10-Q,Quarterly Report - Q2 2012,American Express Company,https://www.sec.gov/Archives/edgar/data/4962/000119312512332179/
2012-07-20,8-K,Current Report,American Express Company,https://www.sec.gov/Archives/edgar/data/4962/000000496212000045/
2012-07-18,8-K,Current Report,American Express Company,https://www.sec.gov/Archives/edgar/data/4962/000000496212000038/
2012-07-16,8-K,Current Report,American Express Company,https://www.sec.gov/Archives/edgar/data/4962/000000496212000034/
2012-06-15,8-K,Current Report,American Express Company,https://www.sec.gov/Archives/edgar/data/4962/000000496212000027/
2012-06-13,8-K,Current Report,American Express Company,https://www.sec.gov/Archives/edgar/data/4962/000000496212000024/
2012-05-15,8-K,Current Report,American Express Company,https://www.sec.gov/Archives/edgar/data/4962/000114036112025183/
2012-05-03,8-K,Current Report,American Express Company,https://www.sec.gov/Archives/edgar/data/4962/000000496212000018/
2012-05-01,10-Q,Quarterly Report - Q1 2012,American Express Company,https://www.sec.gov/Archives/edgar/data/4962/000119312512200270/
2012-04-18,8-K,Current Report,American Express Company,https://www.sec.gov/Archives/edgar/data/4962/000000496212000016/
2012-04-16,8-K,Current Report,American Express Company,https://www.sec.gov/Archives/edgar/data/4962/000000496212000013/
2012-03-26,8-K,Current Report,American Express Company,https://www.sec.gov/Archives/edgar/data/4962/000000496212000011/
2012-03-15,8-K,Current Report,American Express Company,https://www.sec.gov/Archives/edgar/data/4962/000000496212000008/
2012-03-13,8-K,Current Report,American Express Company,https://www.sec.gov/Archives/edgar/data/4962/000114036112015227/
2012-02-29,10-K,Annual Report for FY 2011,American Express Company,https://www.sec.gov/Archives/edgar/data/4962/000114036112011832/
2012-02-24,10-K,Annual Report for FY 2011,American Express Company,https://www.sec.gov/Archives/edgar/data/4962/000119312512077400/
2012-02-15,8-K,Current Report,American Express Company,https://www.sec.gov/Archives/edgar/data/4962/000000496212000004/
2012-02-13,8-K,Current Report,American Express Company,https://www.sec.gov/Archives/edgar/data/4962/000000496212000002/
2012-02-09,8-K,Current Report,American Express Company,https://www.sec.gov/Archives/edgar/data/4962/000093041312000562/
2012-01-27,8-K,Current Report,American Express Company,https://www.sec.gov/Archives/edgar/data/4962/000114036112004013/
2012-01-19,8-K,Current Report,American Express Company,https://www.sec.gov/Archives/edgar/data/4962/000114036112003072/
2012-01-17,8-K,Current Report,American Express Company,https://www.sec.gov/Archives/edgar/data/4962/000114036112002648/
2011-12-15,8-K,Current Report,American Express Company,https://www.sec.gov/Archives/edgar/data/4962/000114036111057577/
2011-11-15,8-K,Current Report,American Express Company,https://www.sec.gov/Archives/edgar/data/4962/000000496211000054/
2011-11-04,8-K,Current Report,American Express Company,https://www.sec.gov/Archives/edgar/data/4962/000114036111051834/
2011-11-02,10-Q,Quarterly Report - Q3 2011,American Express Company,https://www.sec.gov/Archives/edgar/data/4962/000095012311094420/
2011-10-19,8-K,Current Report,American Express Company,https://www.sec.gov/Archives/edgar/data/4962/000114036111049859/
2011-10-17,8-K,Current Report,American Express Company,https://www.sec.gov/Archives/edgar/data/4962/000114036111049604/
2011-09-15,8-K,Current Report,American Express Company,https://www.sec.gov/Archives/edgar/data/4962/000114036111045968/
2011-09-14,8-K,Current Report,American Express Company,https://www.sec.gov/Archives/edgar/data/4962/000114036111045813/
2011-08-15,8-K,Current Report,American Express Company,https://www.sec.gov/Archives/edgar/data/4962/000000496211000043/
2011-08-03,10-Q,Quarterly Report - Q2 2011,American Express Company,https://www.sec.gov/Archives/edgar/data/4962/000095012311072260/
2011-07-20,8-K,Current Report,American Express Company,https://www.sec.gov/Archives/edgar/data/4962/000000496211000040/
2011-07-15,8-K,Current Report,American Express Company,https://www.sec.gov/Archives/edgar/data/4962/000000496211000038/
2011-06-15,8-K,Current Report,American Express Company,https://www.sec.gov/Archives/edgar/data/4962/000000496211000034/
2011-05-16,8-K,Current Report,American Express Company,https://www.sec.gov/Archives/edgar/data/4962/000000496211000030/
2011-05-05,8-K,Current Report,American Express Company,https://www.sec.gov/Archives/edgar/data/4962/000000496211000028/
2011-05-05,8-K,Current Report,American Express Company,https://www.sec.gov/Archives/edgar/data/4962/000000496211000027/
2011-05-04,10-Q,Quarterly Report - Q1 2011,American Express Company,https://www.sec.gov/Archives/edgar/data/4962/000095012311044479/
2011-04-26,8-K,Current Report,American Express Company,https://www.sec.gov/Archives/edgar/data/4962/000090342311000223/
2011-04-20,8-K,Current Report,American Express Company,https://www.sec.gov/Archives/edgar/data/4962/000000496211000024/
2011-04-15,8-K,Current Report,American Express Company,https://www.sec.gov/Archives/edgar/data/4962/000000496211000022/
2011-03-28,8-K,Current Report,American Express Company,https://www.sec.gov/Archives/edgar/data/4962/000000496211000020/
2011-03-18,8-K,Current Report,American Express Company,https://www.sec.gov/Archives/edgar/data/4962/000000496211000018/
2011-03-15,8-K,Current Report,American Express Company,https://www.sec.gov/Archives/edgar/data/4962/000000496211000016/
2011-02-28,10-K,Annual Report for FY 2010,American Express Company,https://www.sec.gov/Archives/edgar/data/4962/000095012311019072/
2011-02-15,8-K,Current Report,American Express Company,https://www.sec.gov/Archives/edgar/data/4962/000000496211000014/
2011-02-15,8-K,Current Report,American Express Company,https://www.sec.gov/Archives/edgar/data/4962/000093041311001091/
2011-01-28,8-K,Current Report,American Express Company,https://www.sec.gov/Archives/edgar/data/4962/000000496211000011/
2011-01-24,8-K,Current Report,American Express Company,https://www.sec.gov/Archives/edgar/data/4962/000000496211000009/
2011-01-19,8-K,Current Report,American Express Company,https://www.sec.gov/Archives/edgar/data/4962/000000496211000006/
2011-01-18,8-K,Current Report,American Express Company,https://www.sec.gov/Archives/edgar/data/4962/000000496211000004/
